,Player,sos,year,mp,ts_pct,efg_pct,fg3a_per_fga_pct,fta_per_fga_pct,ws_per_40,g,fg_per_min,fga_per_min,fg_pct,fg2_per_min,fg2a_per_min,fg2_pct,fg3_per_min,fg3a_per_min,fg3_pct,ft_per_min,fta_per_min,ft_pct,trb_per_min,ast_per_min,stl_per_min,blk_per_min,tov_per_min,pf_per_min,pts_per_min
0,Marcus Camby,8.92,1996,1011.0,0.521,0.47700000000000004,0.015,0.434,0.32,33,10.1,21.2,0.47700000000000004,10.1,20.9,0.484,0.0,0.3,0.0,6.4,9.2,0.7,10.7,2.3,1.3,5.1,3.3,3.4,26.7
2,Stephon Marbury,12.71,1996,1345.0,0.574,0.5429999999999999,0.46299999999999997,0.319,0.127,36,7.0,15.3,0.457,4.4,8.2,0.5329999999999999,2.6,7.1,0.37,3.6,4.9,0.738,3.4,4.8,1.9,0.1,3.4,2.4,20.2
3,Ray Allen,8.19,1996,1098.0,0.595,0.5660000000000001,0.4,0.23800000000000002,0.303,35,10.6,22.5,0.47200000000000003,6.4,13.5,0.47700000000000004,4.2,9.0,0.466,4.3,5.4,0.81,8.3,4.3,2.2,0.7,3.0,1.7,29.8
6,Kerry Kittles,11.46,1996,1059.0,0.564,0.537,0.406,0.305,0.21,30,8.2,17.9,0.455,5.2,10.7,0.489,2.9,7.3,0.40399999999999997,3.9,5.5,0.71,8.0,4.0,2.7,0.4,2.1,1.7,23.2
9,Todd Fuller,7.98,1996,1044.0,0.586,0.524,0.09699999999999999,0.515,0.235,31,8.6,17.0,0.506,8.0,15.4,0.52,0.6,1.6,0.37200000000000005,7.0,8.8,0.799,11.8,1.5,0.4,2.1,2.8,1.8,24.9
15,Roy Rogers,6.13,1996,1173.0,0.539,0.524,0.003,0.276,0.175,32,6.3,12.1,0.524,6.3,12.1,0.525,0.0,0.0,0.0,2.1,3.3,0.622,10.2,1.0,0.7,5.3,2.1,2.5,14.8
16,Derek Fisher,-1.03,1996,1080.0,0.5539999999999999,0.49,0.41700000000000004,0.542,0.155,30,4.7,11.6,0.41,2.9,6.7,0.429,1.9,4.8,0.385,4.7,6.3,0.746,5.7,5.7,2.1,0.1,3.0,2.4,16.1
17,Jerome Williams,9.83,1996,1016.0,0.607,0.59,0.027999999999999997,0.532,0.23,37,5.8,9.8,0.588,5.7,9.6,0.601,0.0,0.3,0.14300000000000002,3.3,5.2,0.639,12.8,2.0,2.8,0.6,2.8,2.6,15.0
37,Scot Pollard,7.94,1997,702.0,0.589,0.531,0.006,0.787,0.304,28,5.4,10.1,0.528,5.3,10.1,0.525,0.1,0.1,1.0,5.6,8.0,0.7070000000000001,13.2,1.1,2.0,4.2,2.4,3.9,16.4
39,Anthony Parker,3.39,1997,715.0,0.5379999999999999,0.48100000000000004,0.389,0.545,0.174,21,6.1,14.4,0.424,4.5,8.8,0.51,1.6,5.6,0.29,5.7,7.8,0.721,6.3,4.0,2.1,0.6,3.2,2.0,19.5
45,Jacque Vaughn,7.94,1997,820.0,0.5529999999999999,0.47600000000000003,0.292,0.611,0.15,26,3.9,9.0,0.42700000000000005,3.0,6.4,0.466,0.9,2.6,0.33299999999999996,4.3,5.5,0.779,3.0,7.9,2.2,0.2,3.1,2.9,12.9
48,Mike Bibby,8.38,1998,1119.0,0.5820000000000001,0.55,0.442,0.318,0.19,35,7.5,16.1,0.46399999999999997,4.7,9.0,0.526,2.8,7.1,0.387,3.9,5.1,0.755,3.8,7.1,3.0,0.3,2.8,2.0,21.6
49,Raef LaFrentz,6.54,1998,906.0,0.5920000000000001,0.5579999999999999,0.04,0.38799999999999996,0.309,30,10.2,18.7,0.5479999999999999,9.9,17.9,0.552,0.4,0.8,0.47100000000000003,5.3,7.2,0.738,15.1,1.3,1.2,2.0,3.4,3.1,26.2
55,Paul Pierce,6.54,1998,1155.0,0.585,0.5489999999999999,0.21100000000000002,0.395,0.272,38,9.9,19.4,0.513,8.6,15.3,0.56,1.4,4.1,0.33899999999999997,5.6,7.7,0.738,8.8,3.4,1.5,1.5,3.8,3.1,26.9
59,Michael Dickerson,8.38,1998,988.0,0.594,0.57,0.298,0.254,0.203,35,9.8,19.1,0.51,7.4,13.4,0.5539999999999999,2.3,5.7,0.40399999999999997,3.7,4.9,0.758,6.3,2.5,1.5,0.3,3.1,3.2,25.5
98,Marcus Fizer,7.14,2000,1243.0,0.625,0.595,0.075,0.425,0.308,37,10.5,18.1,0.5820000000000001,10.0,16.7,0.6,0.5,1.4,0.35700000000000004,5.6,7.7,0.732,9.2,1.3,0.9,1.3,2.5,3.3,27.2
110,Desmond Mason,6.59,2000,1202.0,0.61,0.574,0.35200000000000004,0.385,0.25,34,7.0,14.1,0.499,4.9,9.1,0.536,2.1,5.0,0.43,4.2,5.4,0.767,7.5,1.7,1.4,1.1,2.0,2.3,20.3
119,Jason Richardson,9.54,2001,940.0,0.589,0.57,0.337,0.293,0.268,33,7.7,15.4,0.503,5.7,10.2,0.5539999999999999,2.1,5.2,0.402,3.1,4.5,0.6890000000000001,8.3,3.1,1.6,1.2,1.8,3.1,20.7
120,Shane Battier,11.97,2001,1363.0,0.624,0.5870000000000001,0.555,0.358,0.298,39,7.4,15.6,0.47100000000000003,3.7,7.0,0.536,3.6,8.7,0.419,4.5,5.6,0.7959999999999999,8.4,2.1,2.4,2.6,1.8,2.3,22.8
121,Eddie Griffin,6.03,2001,979.0,0.501,0.47200000000000003,0.267,0.22699999999999998,0.18899999999999997,30,8.4,19.6,0.429,6.7,14.4,0.469,1.7,5.2,0.32,3.3,4.5,0.7340000000000001,13.2,2.0,1.1,5.4,2.7,2.9,21.8
122,Rodney White,7.91,2001,865.0,0.5660000000000001,0.53,0.24600000000000002,0.415,0.20199999999999999,28,8.7,17.8,0.48700000000000004,7.2,13.5,0.5329999999999999,1.5,4.4,0.34700000000000003,5.3,7.4,0.713,8.4,1.9,1.6,0.9,3.8,3.4,24.2
123,Joe Johnson,6.16,2001,873.0,0.5489999999999999,0.519,0.228,0.263,0.18600000000000003,30,7.4,15.9,0.46799999999999997,5.8,12.2,0.47600000000000003,1.6,3.6,0.44299999999999995,3.1,4.2,0.747,8.8,3.5,2.0,0.5,3.2,2.1,19.6
124,Kedrick Brown,6.16,2001,873.0,0.5489999999999999,0.519,0.228,0.263,0.18600000000000003,30,7.4,15.9,0.46799999999999997,5.8,12.2,0.47600000000000003,1.6,3.6,0.44299999999999995,3.1,4.2,0.747,8.8,3.5,2.0,0.5,3.2,2.1,19.6
125,Richard Jefferson,12.56,2001,961.0,0.5529999999999999,0.529,0.293,0.358,0.182,35,6.1,12.8,0.479,4.8,9.0,0.535,1.3,3.7,0.344,3.0,4.6,0.655,7.9,3.9,1.1,1.2,4.3,4.1,16.5
126,Troy Murphy,5.68,2001,1090.0,0.56,0.503,0.182,0.488,0.20199999999999999,30,8.2,17.4,0.47100000000000003,7.1,14.2,0.499,1.1,3.2,0.349,6.5,8.5,0.7659999999999999,10.2,2.3,1.0,1.8,3.3,3.5,24.0
128,Kirk Haston,11.05,2001,1018.0,0.496,0.46399999999999997,0.125,0.301,0.16699999999999998,33,9.5,21.7,0.44,8.5,19.0,0.449,1.0,2.7,0.377,4.5,6.5,0.687,11.3,1.6,1.4,1.6,3.1,3.7,24.6
130,Jason Collins,9.86,2001,895.0,0.687,0.642,0.096,0.6829999999999999,0.336,34,7.5,12.1,0.62,7.0,10.9,0.637,0.5,1.2,0.462,6.5,8.3,0.784,11.8,2.3,1.3,1.9,2.4,3.5,22.0
131,Zach Randolph,9.54,2001,654.0,0.604,0.5870000000000001,0.004,0.536,0.315,33,8.4,14.4,0.5870000000000001,8.4,14.3,0.59,0.0,0.1,0.0,4.9,7.7,0.635,13.5,2.1,1.5,1.3,3.2,3.7,21.8
133,Joseph Forte,11.77,2001,1145.0,0.546,0.499,0.262,0.28,0.168,33,8.8,19.5,0.45,6.8,14.4,0.47600000000000003,1.9,5.1,0.377,4.6,5.4,0.853,7.0,4.1,2.3,0.4,2.9,2.1,24.1
134,Jeryl Sasser,3.95,2001,1011.0,0.484,0.435,0.28300000000000003,0.37799999999999995,0.114,29,6.7,17.1,0.39399999999999996,5.3,12.2,0.43700000000000006,1.4,4.8,0.287,4.6,6.4,0.718,9.6,0.9,1.6,0.6,2.5,2.5,19.5
135,Brandon Armstrong,1.77,2001,1027.0,0.56,0.518,0.369,0.289,0.18600000000000003,31,9.3,20.9,0.447,6.4,13.2,0.484,3.0,7.7,0.384,5.0,6.0,0.826,3.9,1.8,1.8,0.2,2.5,3.3,26.6
136,Gerald Wallace,6.27,2001,824.0,0.485,0.457,0.21899999999999997,0.5379999999999999,0.168,36,6.1,14.0,0.43799999999999994,5.6,10.9,0.511,0.5,3.1,0.175,4.3,7.5,0.568,10.5,2.7,2.0,1.8,4.2,4.2,17.0
138,Jamaal Tinsley,4.87,2001,999.0,0.508,0.45299999999999996,0.27899999999999997,0.532,0.159,31,5.6,13.9,0.39899999999999997,4.1,10.1,0.406,1.5,3.9,0.381,5.1,7.4,0.6920000000000001,4.7,7.5,3.2,0.8,4.7,3.7,17.7
139,Mike Dunleavy,9.16,2002,1133.0,0.596,0.581,0.517,0.264,0.253,35,7.7,15.9,0.483,4.6,7.7,0.596,3.1,8.2,0.37799999999999995,2.9,4.2,0.6809999999999999,8.9,2.5,2.8,0.9,2.2,2.8,21.4
140,Drew Gooden,9.35,2002,1119.0,0.5539999999999999,0.512,0.064,0.36,0.235,37,10.2,20.2,0.504,9.8,18.9,0.519,0.4,1.3,0.278,5.5,7.3,0.755,15.1,2.6,2.3,1.9,3.9,3.3,26.2
141,Dajuan Wagner,4.72,2002,1146.0,0.504,0.461,0.321,0.355,0.14300000000000002,36,9.2,22.6,0.41,6.9,15.3,0.45299999999999996,2.3,7.3,0.317,5.8,8.0,0.722,3.1,4.5,1.5,0.7,3.7,3.5,26.6
142,Chris Wilcox,9.38,2002,866.0,0.523,0.504,0.006,0.429,0.18600000000000003,36,8.0,15.8,0.504,8.0,15.8,0.507,0.0,0.1,0.0,4.0,6.8,0.585,11.9,2.4,1.3,2.4,2.4,4.5,20.0
143,Caron Butler,7.43,2002,1223.0,0.561,0.514,0.14400000000000002,0.382,0.188,34,8.3,17.0,0.486,7.3,14.6,0.5,1.0,2.5,0.4,5.1,6.5,0.779,8.4,3.3,2.3,0.4,3.2,2.5,22.6
144,Jared Jeffries,12.08,2002,1175.0,0.529,0.489,0.171,0.486,0.17,36,6.4,14.1,0.457,5.5,11.7,0.47200000000000003,0.9,2.4,0.38,4.6,6.8,0.667,9.3,2.5,1.8,1.6,3.5,3.0,18.3
145,Melvin Ely,5.2,2002,999.0,0.603,0.563,0.002,0.501,0.27,28,9.8,17.5,0.563,9.8,17.5,0.564,0.0,0.0,0.0,6.4,8.8,0.735,10.2,2.0,0.8,3.5,2.9,2.7,26.1
146,Marcus Haislip,10.93,2002,839.0,0.573,0.542,0.14800000000000002,0.35700000000000004,0.16699999999999998,25,7.7,14.8,0.518,7.0,12.6,0.551,0.7,2.2,0.326,3.8,5.3,0.721,8.0,1.1,0.5,2.1,2.4,4.1,19.9
147,Fred Jones,6.93,2002,1103.0,0.643,0.5820000000000001,0.332,0.47,0.23800000000000002,35,7.8,15.0,0.521,5.9,10.0,0.594,1.8,5.0,0.37200000000000005,6.1,7.0,0.871,6.9,4.0,2.3,0.7,3.0,3.4,23.6
148,Juan Dixon,9.38,2002,1209.0,0.603,0.555,0.434,0.293,0.225,36,8.3,17.7,0.469,5.3,10.0,0.525,3.0,7.7,0.397,4.7,5.2,0.898,5.5,3.4,3.0,0.2,2.9,2.4,24.3
149,Curtis Borchardt,9.03,2002,896.0,0.622,0.594,0.091,0.6940000000000001,0.308,29,7.6,13.3,0.5760000000000001,7.1,12.1,0.593,0.5,1.2,0.40700000000000003,6.2,9.2,0.67,14.8,2.6,0.8,3.7,2.5,3.7,21.9
151,Kareem Rush,6.81,2002,1149.0,0.5489999999999999,0.521,0.46799999999999997,0.22899999999999998,0.16399999999999998,36,8.7,20.4,0.426,4.8,10.8,0.444,3.9,9.5,0.405,3.6,4.7,0.769,6.5,3.1,1.4,0.8,3.6,2.6,24.8
152,Qyntel Woods,6.81,2002,1149.0,0.5489999999999999,0.521,0.46799999999999997,0.22899999999999998,0.16399999999999998,36,8.7,20.4,0.426,4.8,10.8,0.444,3.9,9.5,0.405,3.6,4.7,0.769,6.5,3.1,1.4,0.8,3.6,2.6,24.8
153,Casey Jacobsen,9.03,2002,1058.0,0.57,0.51,0.37,0.51,0.16699999999999998,30,7.8,17.6,0.441,5.3,11.1,0.48100000000000004,2.4,6.5,0.37200000000000005,7.0,9.0,0.7759999999999999,5.1,4.0,0.7,0.1,2.8,2.1,24.9
154,Tayshaun Prince,11.99,2002,1067.0,0.563,0.541,0.433,0.268,0.212,32,7.7,16.5,0.467,5.3,9.4,0.564,2.4,7.2,0.34,3.1,4.4,0.703,7.6,1.9,1.3,1.6,2.4,1.9,21.0
155,Frank Williams,9.94,2002,1135.0,0.525,0.45399999999999996,0.359,0.45799999999999996,0.135,35,6.1,15.6,0.39299999999999996,4.2,10.0,0.423,1.9,5.6,0.34,5.8,7.2,0.8079999999999999,5.7,5.4,2.5,0.4,3.4,2.6,19.9
156,John Salmons,5.52,2002,1077.0,0.5720000000000001,0.498,0.239,0.49200000000000005,0.182,32,5.1,11.0,0.461,4.3,8.4,0.509,0.8,2.6,0.31,4.6,5.4,0.8420000000000001,7.1,7.2,2.1,0.7,4.4,2.8,15.6
159,Carmelo Anthony,9.02,2003,1274.0,0.537,0.498,0.271,0.389,0.183,35,8.7,19.2,0.45299999999999996,6.9,14.0,0.496,1.8,5.2,0.337,5.3,7.5,0.706,11.0,2.4,1.7,0.9,2.4,2.4,24.4
160,Chris Bosh,7.94,2003,960.0,0.634,0.597,0.153,0.58,0.267,31,7.0,12.5,0.56,6.1,10.6,0.575,0.9,1.9,0.478,5.3,7.3,0.73,11.6,1.6,1.3,2.8,3.0,3.0,20.2
161,Dwyane Wade,7.28,2003,1058.0,0.573,0.515,0.08800000000000001,0.49700000000000005,0.24600000000000002,33,9.5,18.9,0.501,9.0,17.3,0.519,0.5,1.7,0.318,7.3,9.4,0.779,7.9,5.5,2.7,1.6,4.0,2.9,26.8
163,Kirk Hinrich,10.53,2003,1241.0,0.586,0.5670000000000001,0.449,0.256,0.204,37,7.5,15.7,0.475,4.6,8.7,0.532,2.9,7.1,0.406,2.8,4.0,0.7040000000000001,4.5,4.2,2.2,0.5,2.7,2.5,20.7
164,T.J. Ford,9.27,2003,1110.0,0.506,0.423,0.171,0.489,0.155,33,5.7,14.3,0.401,5.1,11.9,0.429,0.6,2.5,0.265,5.7,7.0,0.82,4.6,9.2,2.4,0.2,3.9,3.0,17.8
165,Mike Sweetney,6.27,2003,1100.0,0.604,0.547,0.006,0.696,0.355,34,9.6,17.6,0.547,9.6,17.5,0.55,0.0,0.1,0.0,9.0,12.2,0.738,12.8,2.4,1.8,4.0,2.6,3.5,28.2
167,Nick Collison,10.53,2003,1232.0,0.583,0.5670000000000001,0.075,0.39399999999999996,0.29600000000000004,38,9.1,16.5,0.5539999999999999,8.7,15.2,0.5710000000000001,0.4,1.2,0.342,4.1,6.5,0.635,12.3,2.7,1.4,2.4,3.0,3.1,22.8
168,Marcus Banks,4.67,2003,1154.0,0.606,0.561,0.281,0.493,0.195,32,7.7,15.0,0.514,6.3,10.8,0.583,1.4,4.2,0.336,5.6,7.4,0.757,3.7,6.1,3.2,0.1,4.4,3.0,22.5
169,Luke Ridnour,6.11,2003,1169.0,0.5820000000000001,0.518,0.451,0.391,0.17,33,6.9,16.1,0.43200000000000005,4.2,8.8,0.473,2.8,7.3,0.382,5.5,6.3,0.88,3.8,7.5,2.2,0.1,4.4,2.6,22.2
170,Reece Gaines,6.84,2003,1030.0,0.602,0.56,0.501,0.514,0.213,32,6.9,14.9,0.462,4.0,7.4,0.534,2.9,7.5,0.391,5.6,7.7,0.736,3.7,6.2,2.1,0.2,3.7,3.2,22.3
171,David West,4.61,2003,1168.0,0.6,0.524,0.063,0.617,0.332,32,7.3,14.2,0.513,7.0,13.3,0.524,0.3,0.9,0.34600000000000003,7.2,8.8,0.816,12.9,3.5,1.4,1.8,2.9,3.3,22.1
173,Brian Cook,6.76,2003,940.0,0.5770000000000001,0.511,0.21100000000000002,0.486,0.24,30,8.6,18.0,0.479,7.4,14.2,0.526,1.1,3.8,0.303,7.1,8.7,0.82,9.7,2.6,0.9,0.6,3.5,3.7,25.5
174,Josh Howard,6.96,2003,1002.0,0.593,0.539,0.332,0.40700000000000003,0.281,31,8.1,17.1,0.47700000000000004,6.0,11.4,0.528,2.1,5.7,0.373,5.8,6.9,0.833,10.3,2.4,2.6,1.9,3.3,3.6,24.2
176,Ben Gordon,7.77,2004,1346.0,0.5720000000000001,0.528,0.436,0.309,0.209,39,7.1,16.4,0.434,4.0,9.2,0.434,3.1,7.1,0.433,4.2,5.1,0.8290000000000001,5.5,5.2,1.6,0.2,3.2,2.7,21.5
177,Devin Harris,7.49,2004,1162.0,0.606,0.55,0.488,0.524,0.267,32,6.5,14.2,0.45899999999999996,3.9,7.3,0.54,2.6,6.9,0.373,5.9,7.4,0.792,4.8,4.9,1.9,0.1,2.3,2.1,21.5
178,Josh Childress,4.34,2004,685.0,0.602,0.555,0.33899999999999997,0.374,0.299,23,7.2,14.8,0.488,5.3,9.8,0.536,2.0,5.0,0.395,4.6,5.5,0.821,10.1,3.6,1.2,2.2,3.0,3.2,21.0
179,Luol Deng,10.86,2004,1149.0,0.551,0.522,0.252,0.313,0.195,37,7.3,15.4,0.47600000000000003,5.9,11.5,0.515,1.4,3.9,0.36,3.4,4.8,0.71,8.9,2.4,1.7,1.4,2.9,2.9,19.4
180,Rafael Araujo,6.3,2004,895.0,0.616,0.584,0.08199999999999999,0.45899999999999996,0.268,30,9.4,16.4,0.573,9.1,15.1,0.601,0.4,1.3,0.267,5.5,7.6,0.722,13.5,1.7,1.9,1.1,3.9,4.2,24.7
181,Andre Iguodala,6.63,2004,962.0,0.542,0.488,0.242,0.391,0.12300000000000001,30,5.7,12.6,0.45,4.7,9.5,0.493,1.0,3.0,0.315,3.9,4.9,0.7879999999999999,10.5,6.1,2.0,0.5,3.5,3.1,16.1
182,Luke Jackson,6.91,2004,1072.0,0.631,0.573,0.386,0.44,0.20600000000000002,31,7.8,16.0,0.488,5.1,9.9,0.519,2.7,6.2,0.44,6.1,7.1,0.862,8.3,5.2,1.5,0.2,3.5,2.0,24.5
183,Kris Humphries,5.36,2004,990.0,0.518,0.461,0.1,0.46,0.14,29,8.9,20.1,0.444,8.2,18.1,0.455,0.7,2.0,0.34,6.9,9.3,0.742,11.9,0.8,1.1,1.3,3.3,2.6,25.4
184,Kirk Snyder,5.82,2004,1079.0,0.5379999999999999,0.48700000000000004,0.32,0.46799999999999997,0.193,34,7.7,18.0,0.431,5.7,12.2,0.47,2.0,5.7,0.348,6.2,8.4,0.731,7.2,4.3,1.3,0.8,4.4,2.7,23.7
185,Jameer Nelson,4.97,2004,1085.0,0.584,0.5489999999999999,0.379,0.302,0.243,32,8.6,18.2,0.475,5.9,11.3,0.526,2.7,6.9,0.39,4.4,5.5,0.792,5.5,6.3,3.3,0.0,3.4,2.2,24.3
186,Delonte West,4.97,2004,1073.0,0.627,0.5770000000000001,0.327,0.33399999999999996,0.26,32,7.9,15.5,0.51,5.8,10.4,0.557,2.1,5.1,0.41200000000000003,4.6,5.2,0.892,6.4,5.6,2.1,0.2,3.1,2.2,22.5
187,Tony Allen,7.23,2004,1107.0,0.564,0.531,0.183,0.479,0.228,35,7.4,14.6,0.504,6.6,12.0,0.55,0.8,2.7,0.297,4.7,7.0,0.675,7.0,3.9,2.6,1.1,3.5,3.8,20.3
188,Kevin Martin,-3.84,2004,843.0,0.602,0.532,0.34600000000000003,0.574,0.254,27,9.9,20.8,0.474,7.4,13.6,0.547,2.4,7.2,0.336,9.8,12.0,0.8170000000000001,6.2,2.2,2.4,0.4,4.0,2.5,31.9
189,David Harrison,7.18,2004,916.0,0.613,0.631,0.003,0.7859999999999999,0.23399999999999999,29,8.1,12.9,0.631,8.1,12.8,0.633,0.0,0.0,0.0,5.5,10.1,0.539,11.1,1.1,0.7,3.7,3.4,4.1,21.7
190,Andrew Bogut,4.54,2005,1224.0,0.648,0.63,0.055,0.45899999999999996,0.358,35,9.2,14.8,0.62,8.9,14.0,0.636,0.3,0.8,0.36,4.7,6.8,0.6920000000000001,14.0,2.7,1.1,2.1,3.1,2.5,23.4
191,Marvin Williams,10.66,2005,800.0,0.627,0.545,0.17800000000000002,0.66,0.239,36,6.3,12.4,0.506,5.3,10.2,0.522,1.0,2.2,0.43200000000000005,6.9,8.2,0.847,11.8,1.3,2.0,0.9,2.8,4.6,20.4
192,Deron Williams,8.47,2005,1315.0,0.535,0.516,0.455,0.23399999999999999,0.14,39,5.4,12.5,0.433,3.3,6.8,0.491,2.1,5.7,0.364,2.0,2.9,0.677,4.3,8.0,1.2,0.2,3.3,2.4,14.9
193,Chris Paul,10.27,2005,1069.0,0.601,0.524,0.306,0.59,0.171,32,5.4,11.9,0.451,3.6,8.2,0.441,1.7,3.6,0.474,5.8,7.0,0.8340000000000001,5.4,7.9,2.8,0.0,3.3,3.1,18.3
194,Raymond Felton,10.66,2005,1142.0,0.589,0.561,0.48200000000000004,0.406,0.179,36,5.3,11.6,0.455,2.8,6.0,0.46799999999999997,2.5,5.6,0.44,3.3,4.7,0.701,5.4,8.7,2.5,0.4,4.5,2.5,16.3
195,Charlie Villanueva,7.62,2005,798.0,0.5660000000000001,0.531,0.039,0.462,0.24,31,8.0,15.3,0.521,7.7,14.7,0.522,0.3,0.6,0.5,4.9,7.1,0.688,12.9,2.0,1.0,2.9,3.5,3.4,21.1
196,Channing Frye,8.03,2005,1148.0,0.605,0.557,0.040999999999999995,0.373,0.256,37,7.9,14.3,0.5539999999999999,7.8,13.7,0.57,0.1,0.6,0.17600000000000002,4.4,5.3,0.83,9.8,2.5,1.2,3.0,2.2,3.3,20.3
197,Ike Diogu,5.36,2005,1164.0,0.6629999999999999,0.598,0.113,0.7809999999999999,0.29,32,7.9,13.7,0.575,7.3,12.1,0.598,0.6,1.5,0.4,8.5,10.7,0.797,10.7,1.5,0.6,2.6,4.0,3.0,24.9
198,Sean May,10.66,2005,992.0,0.62,0.5670000000000001,0.006999999999999999,0.627,0.311,37,9.2,16.2,0.5670000000000001,9.2,16.1,0.5710000000000001,0.0,0.1,0.0,7.7,10.2,0.758,16.0,2.5,1.7,1.5,3.8,3.5,26.1
199,Rashad McCants,10.66,2005,856.0,0.609,0.584,0.449,0.337,0.23199999999999998,33,8.6,17.5,0.489,5.2,9.6,0.544,3.3,7.9,0.423,4.3,5.9,0.722,4.6,4.1,2.0,1.0,2.9,3.7,24.7
200,Antoine Wright,5.19,2005,1052.0,0.613,0.594,0.413,0.361,0.225,31,7.3,14.6,0.501,4.6,8.6,0.54,2.7,6.0,0.447,3.7,5.3,0.691,7.0,2.6,1.4,0.8,2.9,3.0,21.0
203,Hakim Warrick,6.83,2005,1275.0,0.596,0.557,0.067,0.6709999999999999,0.235,34,7.9,14.5,0.5479999999999999,7.7,13.5,0.5660000000000001,0.3,1.0,0.29,6.6,9.7,0.6809999999999999,9.2,1.6,1.0,0.8,2.7,2.5,22.8
204,Julius Hodge,9.16,2005,1177.0,0.555,0.51,0.138,0.633,0.172,34,6.7,13.6,0.493,6.2,11.7,0.53,0.5,1.9,0.255,5.7,8.6,0.6679999999999999,7.6,5.5,1.6,0.8,3.0,2.5,19.6
205,Nate Robinson,7.66,2005,1101.0,0.5870000000000001,0.539,0.397,0.429,0.179,35,6.8,14.8,0.46299999999999997,4.6,8.9,0.514,2.3,5.8,0.385,4.9,6.3,0.782,4.9,5.4,2.2,0.2,2.6,3.6,20.9
206,Jarrett Jack,9.78,2005,1091.0,0.643,0.586,0.326,0.445,0.222,32,6.0,11.7,0.514,4.3,7.9,0.5489999999999999,1.7,3.8,0.442,4.5,5.2,0.866,5.7,5.3,2.1,0.1,4.0,2.0,18.2
207,Francisco Garcia,6.18,2005,1211.0,0.584,0.52,0.45299999999999996,0.4,0.247,38,6.2,14.1,0.43700000000000006,3.8,7.7,0.496,2.3,6.4,0.366,5.0,5.6,0.877,5.2,4.9,2.1,1.8,3.4,3.6,19.7
208,Luther Head,8.47,2005,1297.0,0.611,0.589,0.613,0.214,0.222,39,6.6,14.2,0.46299999999999997,3.0,5.5,0.547,3.6,8.7,0.41,2.4,3.1,0.7879999999999999,4.8,4.6,2.1,0.3,2.1,1.7,19.2
209,Jason Maxiell,6.74,2005,1037.0,0.586,0.546,0.017,0.904,0.28300000000000003,33,6.3,11.6,0.5429999999999999,6.2,11.5,0.545,0.1,0.2,0.4,6.8,10.5,0.645,9.8,1.1,1.3,3.5,2.5,3.2,19.5
210,Linas Kleiza,9.24,2005,1038.0,0.511,0.441,0.276,0.565,0.115,33,6.4,15.8,0.40299999999999997,5.2,11.4,0.45299999999999996,1.2,4.4,0.27399999999999997,6.5,8.9,0.732,9.6,2.0,0.8,0.3,3.4,3.5,20.4
211,Wayne Simien,10.85,2005,892.0,0.616,0.5579999999999999,0.04,0.503,0.255,26,8.6,15.5,0.552,8.4,14.9,0.563,0.2,0.6,0.28600000000000003,6.4,7.8,0.816,12.9,1.6,0.7,0.7,2.7,3.0,23.7
212,David Lee,7.12,2005,897.0,0.57,0.525,0.013000000000000001,0.528,0.225,32,7.1,13.6,0.525,7.1,13.4,0.532,0.0,0.2,0.0,5.1,7.2,0.7140000000000001,12.8,3.1,1.5,1.1,3.8,3.4,19.4
214,Adam Morrison,5.02,2006,1205.0,0.605,0.556,0.28,0.504,0.225,33,10.2,20.5,0.496,7.7,14.7,0.523,2.5,5.7,0.428,8.0,10.3,0.772,6.0,1.9,1.2,0.4,2.5,2.2,30.7
215,Tyrus Thomas,8.77,2006,829.0,0.627,0.61,0.004,0.5479999999999999,0.35100000000000003,32,7.3,12.1,0.608,7.3,12.0,0.606,0.0,0.0,1.0,4.3,6.6,0.657,14.2,2.0,1.6,4.8,2.8,4.0,19.1
216,Shelden Williams,8.77,2006,1198.0,0.629,0.58,0.015,0.659,0.305,36,7.9,13.7,0.578,7.8,13.5,0.5820000000000001,0.1,0.2,0.33299999999999996,6.7,9.0,0.7440000000000001,12.8,1.3,2.0,4.6,3.0,3.8,22.6
217,Brandon Roy,5.96,2006,1046.0,0.606,0.551,0.21600000000000003,0.47,0.26899999999999996,33,8.7,17.2,0.508,7.2,13.5,0.537,1.5,3.7,0.402,6.5,8.1,0.81,7.1,5.2,1.8,1.0,2.9,3.1,25.5
218,Randy Foye,9.23,2006,1145.0,0.536,0.49200000000000005,0.462,0.313,0.2,33,7.9,19.2,0.41100000000000003,4.8,10.3,0.46299999999999997,3.1,8.9,0.35,4.8,6.0,0.7909999999999999,6.6,3.5,1.6,0.7,2.5,2.5,23.7
219,Rudy Gay,6.57,2006,1015.0,0.5329999999999999,0.495,0.217,0.34,0.204,33,7.4,16.0,0.461,6.3,12.5,0.5,1.1,3.5,0.318,4.0,5.4,0.732,8.3,2.7,2.3,2.0,3.2,3.0,19.8
221,J.J. Redick,8.77,2006,1336.0,0.63,0.578,0.513,0.39799999999999996,0.233,36,9.0,19.3,0.47,4.9,9.4,0.521,4.2,9.9,0.42100000000000004,6.6,7.7,0.863,2.1,2.8,1.6,0.1,2.7,1.6,28.9
222,Hilton Armstrong,6.57,2006,943.0,0.64,0.611,0.01,0.6859999999999999,0.249,34,5.0,8.2,0.608,5.0,8.1,0.609,0.0,0.1,0.5,3.9,5.6,0.6920000000000001,9.6,1.1,0.9,4.5,3.3,4.0,14.0
223,Ronnie Brewer,6.17,2006,1112.0,0.547,0.498,0.33799999999999997,0.43,0.19,32,7.1,16.1,0.441,5.3,10.6,0.493,1.8,5.4,0.33799999999999997,5.2,6.9,0.75,5.5,3.7,3.0,0.5,2.5,1.7,21.2
224,Cedric Simmons,5.63,2006,880.0,0.626,0.5920000000000001,0.009000000000000001,0.812,0.20800000000000002,32,5.8,9.9,0.5870000000000001,5.7,9.8,0.583,0.1,0.1,1.0,5.5,8.0,0.6779999999999999,9.2,2.5,1.0,3.6,2.7,4.5,17.2
225,Rodney Carney,4.24,2006,1027.0,0.56,0.537,0.517,0.261,0.214,37,8.6,19.7,0.436,4.6,9.5,0.484,4.0,10.2,0.391,3.7,5.1,0.7120000000000001,6.2,1.8,1.9,1.0,2.1,3.3,24.8
226,Shawne Williams,4.24,2006,1002.0,0.534,0.48,0.41100000000000003,0.387,0.213,36,6.2,15.0,0.41600000000000004,4.3,8.8,0.489,1.9,6.1,0.312,4.6,5.8,0.7859999999999999,8.9,2.7,2.0,2.0,3.2,4.2,18.9
227,Quincy Douby,5.16,2006,1211.0,0.595,0.556,0.465,0.28300000000000003,0.258,33,9.5,20.5,0.462,5.6,11.0,0.515,3.8,9.5,0.401,4.9,5.8,0.847,4.7,3.4,1.9,0.9,3.0,2.0,27.7
228,Renaldo Balkman,8.14,2006,978.0,0.608,0.616,0.052000000000000005,0.41600000000000004,0.23,38,6.2,10.2,0.608,6.1,9.7,0.624,0.2,0.5,0.308,2.3,4.3,0.5379999999999999,9.8,3.0,2.7,2.0,2.7,3.4,14.9
229,Rajon Rondo,8.88,2006,1054.0,0.526,0.511,0.21600000000000003,0.39,0.15,34,5.6,11.6,0.48200000000000004,4.9,9.1,0.54,0.7,2.5,0.273,2.6,4.5,0.5710000000000001,7.9,6.3,2.6,0.2,3.0,2.7,14.4
230,Marcus Williams,6.57,2006,767.0,0.555,0.466,0.294,0.534,0.162,23,4.3,10.6,0.40700000000000003,3.1,7.5,0.41,1.3,3.1,0.4,4.9,5.7,0.862,4.6,10.3,1.1,0.3,4.4,2.0,14.8
232,Kyle Lowry,9.23,2006,967.0,0.56,0.48200000000000004,0.07200000000000001,0.614,0.204,33,4.8,10.4,0.466,4.5,9.6,0.46799999999999997,0.3,0.7,0.444,5.0,6.4,0.7859999999999999,5.9,5.0,3.2,0.3,2.9,3.9,15.0
233,Shannon Brown,7.27,2006,1196.0,0.585,0.54,0.379,0.326,0.151,34,6.8,14.5,0.467,4.6,9.0,0.513,2.1,5.5,0.39,3.9,4.7,0.83,5.0,3.1,1.7,0.2,2.8,2.6,19.6
234,Jordan Farmar,8.27,2006,1125.0,0.518,0.485,0.45,0.302,0.139,37,6.1,14.9,0.41,3.9,8.2,0.47200000000000003,2.2,6.7,0.33299999999999996,3.2,4.5,0.7170000000000001,3.4,6.7,1.5,0.3,4.8,2.2,17.7
235,Maurice Ager,7.27,2006,1170.0,0.575,0.54,0.446,0.321,0.153,34,7.7,16.9,0.457,4.9,9.4,0.522,2.8,7.6,0.376,4.1,5.4,0.7609999999999999,4.8,2.9,0.8,0.4,3.0,2.8,22.4
236,Mardy Collins,5.19,2006,1212.0,0.49700000000000005,0.47600000000000003,0.293,0.32299999999999995,0.159,32,6.7,15.4,0.43200000000000005,5.3,10.9,0.483,1.4,4.5,0.307,3.0,5.0,0.596,5.0,4.2,2.9,0.2,2.1,2.3,17.7
238,Kevin Durant,6.12,2007,1255.0,0.5870000000000001,0.536,0.314,0.396,0.28,35,9.8,20.6,0.473,7.1,14.2,0.505,2.6,6.5,0.40399999999999997,6.7,8.2,0.816,12.4,1.5,2.1,2.1,3.2,2.3,28.8
239,Al Horford,7.33,2007,1057.0,0.624,0.608,0.006999999999999999,0.66,0.28300000000000003,38,7.0,11.6,0.608,7.0,11.5,0.612,0.0,0.1,0.0,4.9,7.6,0.644,13.6,3.1,1.1,2.6,2.6,3.6,19.0
240,Mike Conley,9.03,2007,1231.0,0.584,0.552,0.223,0.466,0.19899999999999998,39,5.2,10.0,0.518,4.5,7.8,0.579,0.7,2.2,0.304,3.2,4.7,0.6940000000000001,4.4,7.7,2.8,0.3,2.8,1.9,14.3
241,Jeff Green,9.48,2007,1232.0,0.596,0.56,0.251,0.33799999999999997,0.204,37,6.4,12.4,0.513,5.2,9.3,0.5589999999999999,1.2,3.1,0.375,3.2,4.2,0.775,7.7,3.8,1.0,1.4,3.1,3.0,17.1
242,Corey Brewer,7.33,2007,1053.0,0.57,0.531,0.33399999999999996,0.435,0.192,37,6.4,13.5,0.475,4.9,9.0,0.544,1.5,4.5,0.336,4.3,5.9,0.723,6.6,4.1,2.6,0.6,3.5,2.7,18.6
244,Joakim Noah,7.33,2007,1034.0,0.631,0.609,0.004,0.698,0.29600000000000004,40,6.7,11.0,0.607,6.7,11.0,0.606,0.0,0.0,1.0,5.1,7.7,0.6629999999999999,13.0,3.5,1.7,2.8,3.9,3.5,18.5
245,Spencer Hawes,6.5,2007,896.0,0.563,0.5329999999999999,0.008,0.27,0.198,31,8.6,16.2,0.532,8.6,16.1,0.5329999999999999,0.0,0.1,0.33299999999999996,3.3,4.4,0.755,8.8,2.7,0.7,2.4,3.5,3.1,20.6
246,Acie Law,5.12,2007,1153.0,0.591,0.544,0.192,0.428,0.203,34,7.5,15.0,0.5,6.2,12.1,0.51,1.3,2.9,0.45799999999999996,5.0,6.4,0.778,3.9,5.9,1.4,0.0,3.1,2.9,21.3
247,Thaddeus Young,9.36,2007,917.0,0.552,0.531,0.251,0.18899999999999997,0.145,31,7.7,16.1,0.478,6.0,12.1,0.498,1.7,4.1,0.419,2.3,3.1,0.743,6.6,2.7,1.7,0.5,2.9,2.7,19.4
248,Julian Wright,6.86,2007,1048.0,0.5660000000000001,0.5529999999999999,0.038,0.344,0.252,38,7.3,13.2,0.5489999999999999,7.1,12.7,0.562,0.1,0.5,0.231,2.8,4.5,0.613,11.4,3.1,2.1,1.9,3.5,3.6,17.4
249,Al Thornton,8.63,2007,1092.0,0.616,0.57,0.17600000000000002,0.457,0.24100000000000002,35,8.9,16.8,0.53,7.6,13.9,0.5489999999999999,1.3,3.0,0.444,6.1,7.7,0.79,9.2,0.9,1.9,1.5,3.2,3.5,25.3
250,Rodney Stuckey,-2.94,2007,965.0,0.573,0.496,0.321,0.507,0.149,29,9.4,20.8,0.45299999999999996,7.6,14.1,0.541,1.8,6.7,0.267,8.9,10.5,0.846,5.6,6.6,2.9,0.4,4.1,2.8,29.5
251,Nick Young,7.87,2007,1227.0,0.61,0.574,0.22,0.349,0.18899999999999997,37,7.8,14.8,0.525,6.4,11.6,0.5489999999999999,1.4,3.3,0.44,4.1,5.2,0.7859999999999999,5.6,1.6,0.9,0.3,2.9,3.0,21.1
253,Javaris Crittenton,9.36,2007,1003.0,0.552,0.501,0.28800000000000003,0.39299999999999996,0.145,32,6.3,14.0,0.45,4.9,10.0,0.488,1.4,4.0,0.35600000000000004,4.3,5.5,0.7829999999999999,4.7,7.3,2.6,0.1,4.9,2.7,18.3
254,Jason Smith,3.71,2007,905.0,0.635,0.579,0.01,0.662,0.20600000000000002,30,7.7,13.3,0.579,7.7,13.2,0.585,0.0,0.1,0.0,6.8,8.8,0.77,13.4,2.6,0.7,2.1,4.5,4.2,22.3
255,Daequan Cook,9.03,2007,770.0,0.5479999999999999,0.53,0.41,0.20800000000000002,0.18,39,7.3,16.5,0.445,4.5,9.7,0.465,2.8,6.8,0.415,2.4,3.4,0.6970000000000001,8.7,2.1,1.5,0.5,2.9,3.4,19.8
256,Jared Dudley,9.21,2007,1152.0,0.652,0.618,0.254,0.55,0.20199999999999999,30,6.8,12.0,0.562,5.4,9.0,0.602,1.4,3.1,0.44299999999999995,4.9,6.6,0.743,8.6,3.1,1.5,0.3,2.7,2.3,19.8
257,Wilson Chandler,8.53,2007,1078.0,0.516,0.495,0.271,0.248,0.145,34,7.2,16.0,0.45,5.8,11.7,0.494,1.4,4.3,0.33299999999999996,2.6,4.0,0.654,8.7,1.8,0.8,1.7,2.0,3.6,18.4
258,Morris Almond,1.43,2007,1069.0,0.621,0.5539999999999999,0.311,0.524,0.265,32,9.8,20.4,0.483,7.0,14.0,0.496,2.9,6.3,0.456,9.0,10.7,0.846,7.9,1.4,1.4,0.9,4.1,2.5,31.6
259,Aaron Brooks,6.3,2007,1289.0,0.589,0.546,0.428,0.294,0.17800000000000002,35,6.6,14.4,0.46,4.1,8.2,0.502,2.5,6.1,0.40399999999999997,3.6,4.2,0.846,4.6,4.6,1.5,0.2,2.8,2.7,19.3
260,Arron Afflalo,9.84,2007,1186.0,0.589,0.556,0.509,0.276,0.187,36,7.1,15.4,0.461,4.1,7.6,0.5489999999999999,2.9,7.8,0.375,3.4,4.2,0.802,3.3,2.4,0.7,0.3,2.2,2.2,20.5
261,Alando Tucker,6.95,2007,1181.0,0.54,0.506,0.226,0.457,0.201,36,8.7,18.5,0.47,7.3,14.3,0.512,1.4,4.2,0.325,5.6,8.4,0.659,6.6,2.5,1.1,0.3,2.0,1.5,24.3
262,Derrick Rose,5.76,2008,1168.0,0.56,0.517,0.239,0.47,0.226,40,7.1,14.9,0.47700000000000004,5.9,11.4,0.521,1.2,3.6,0.337,5.0,7.0,0.7120000000000001,6.2,6.5,1.6,0.5,3.7,2.3,20.4
263,Michael Beasley,7.79,2008,1041.0,0.61,0.563,0.165,0.484,0.413,33,11.8,22.2,0.532,10.4,18.5,0.562,1.4,3.7,0.379,8.3,10.7,0.774,15.7,1.5,1.6,2.1,3.7,3.3,33.3
264,O.J. Mayo,8.59,2008,1216.0,0.562,0.524,0.401,0.284,0.172,33,7.8,17.6,0.442,4.9,10.6,0.46399999999999997,2.9,7.1,0.409,4.0,5.0,0.8029999999999999,4.9,3.6,1.7,0.4,3.8,2.6,22.5
265,Russell Westbrook,7.71,2008,1318.0,0.5379999999999999,0.499,0.19699999999999998,0.384,0.161,39,5.5,11.9,0.465,4.7,9.5,0.49700000000000005,0.8,2.3,0.33799999999999997,3.2,4.6,0.713,4.6,5.1,1.9,0.2,2.9,2.8,15.1
266,Kevin Love,7.71,2008,1156.0,0.644,0.595,0.20199999999999999,0.635,0.391,39,7.9,14.0,0.5589999999999999,6.9,11.2,0.611,1.0,2.8,0.354,6.9,8.9,0.767,14.4,2.6,0.9,1.9,2.7,2.5,23.6
267,Eric Gordon,6.08,2008,1110.0,0.601,0.515,0.489,0.652,0.217,32,6.6,15.3,0.433,4.1,7.8,0.525,2.5,7.5,0.337,8.3,10.0,0.8340000000000001,3.7,2.8,1.5,0.7,4.1,2.5,24.1
268,Joe Alexander,7.16,2008,1137.0,0.536,0.474,0.086,0.409,0.213,36,7.7,16.7,0.462,7.3,15.2,0.48,0.4,1.4,0.268,5.6,6.8,0.8140000000000001,8.1,3.1,0.9,1.9,2.8,3.6,21.4
269,D.J. Augustin,8.59,2008,1417.0,0.557,0.506,0.35200000000000004,0.401,0.16899999999999998,38,6.8,15.6,0.439,4.7,10.1,0.47100000000000003,2.1,5.5,0.381,4.9,6.2,0.7829999999999999,3.2,6.2,1.3,0.0,3.0,1.7,20.6
270,Brook Lopez,6.95,2008,831.0,0.537,0.46799999999999997,0.015,0.494,0.261,27,8.9,18.9,0.46799999999999997,8.9,18.6,0.475,0.0,0.3,0.0,7.4,9.3,0.789,10.6,1.8,0.8,2.7,2.8,3.2,25.1
271,Jerryd Bayless,10.22,2008,1072.0,0.612,0.536,0.384,0.59,0.17800000000000002,30,6.5,14.1,0.45799999999999996,4.3,8.7,0.489,2.2,5.4,0.40700000000000003,7.0,8.3,0.8390000000000001,3.1,4.5,1.1,0.1,3.3,2.5,22.1
272,Jason Thompson,-3.72,2008,1177.0,0.579,0.5710000000000001,0.069,0.466,0.23600000000000002,34,9.3,16.7,0.56,9.0,15.5,0.578,0.4,1.2,0.324,4.5,7.8,0.581,14.0,3.2,1.2,3.1,3.4,3.4,23.6
273,Brandon Rush,8.2,2008,1127.0,0.557,0.531,0.461,0.20800000000000002,0.18,38,6.4,14.7,0.435,3.5,7.9,0.44799999999999995,2.8,6.8,0.419,2.4,3.1,0.779,6.9,2.9,1.1,1.1,2.4,2.1,18.0
274,Anthony Randolph,5.66,2008,1016.0,0.511,0.467,0.048,0.42100000000000004,0.136,31,7.2,15.5,0.46399999999999997,7.1,14.8,0.483,0.1,0.7,0.105,4.5,6.5,0.693,10.4,1.5,1.4,2.8,3.6,3.3,19.0
275,Robin Lopez,6.95,2008,883.0,0.565,0.536,0.004,0.504,0.26899999999999996,36,6.3,11.9,0.534,6.3,11.8,0.5329999999999999,0.0,0.0,1.0,3.9,6.0,0.652,9.2,1.0,0.8,3.8,2.9,4.3,16.6
277,Roy Hibbert,7.23,2008,894.0,0.626,0.614,0.01,0.49,0.305,34,8.0,13.2,0.609,7.9,13.0,0.605,0.1,0.1,1.0,4.2,6.4,0.6459999999999999,9.7,2.8,0.8,3.4,2.6,4.1,20.3
278,JaVale McGee,-0.11,2008,902.0,0.55,0.5489999999999999,0.11800000000000001,0.395,0.179,33,8.4,15.8,0.529,7.8,14.0,0.556,0.6,1.9,0.33299999999999996,3.3,6.3,0.525,10.7,0.9,1.2,4.1,3.5,3.6,20.7
279,J.J. Hickson,9.06,2008,890.0,0.621,0.591,0.004,0.7070000000000001,0.175,31,7.3,12.4,0.591,7.3,12.4,0.593,0.0,0.0,0.0,5.9,8.8,0.677,11.8,1.4,1.0,2.1,3.7,2.7,20.6
280,Ryan Anderson,8.45,2008,1082.0,0.618,0.5589999999999999,0.33299999999999996,0.424,0.204,33,8.5,17.3,0.49,6.1,11.6,0.53,2.4,5.8,0.41,6.4,7.4,0.8690000000000001,12.1,1.7,0.4,0.7,2.7,2.6,25.8
281,Courtney Lee,0.24,2008,1079.0,0.585,0.541,0.32,0.331,0.256,36,9.6,20.1,0.47700000000000004,7.0,13.7,0.515,2.6,6.5,0.397,5.5,6.7,0.8220000000000001,6.5,2.8,2.4,1.0,3.1,3.2,27.2
282,Kosta Koufos,7.97,2008,1003.0,0.551,0.5329999999999999,0.14400000000000002,0.22899999999999998,0.21100000000000002,37,8.9,17.4,0.508,8.0,14.9,0.535,0.9,2.5,0.349,2.7,4.0,0.68,9.9,0.8,0.6,2.7,2.2,3.2,21.3
283,George Hill,-2.41,2008,1179.0,0.6609999999999999,0.605,0.27,0.606,0.266,32,7.5,13.7,0.545,5.8,10.0,0.58,1.7,3.7,0.45,6.8,8.3,0.812,7.3,4.6,1.9,0.4,3.2,3.0,23.3
284,Darrell Arthur,8.2,2008,989.0,0.569,0.546,0.03,0.289,0.23399999999999999,40,8.7,15.9,0.5429999999999999,8.6,15.4,0.555,0.1,0.5,0.16699999999999998,3.2,4.6,0.7020000000000001,10.1,1.3,0.8,2.1,3.0,4.8,20.6
285,Donte Greene,7.96,2008,1253.0,0.531,0.505,0.501,0.255,0.124,35,7.0,16.6,0.418,4.1,8.3,0.49200000000000005,2.9,8.3,0.345,3.0,4.2,0.7070000000000001,8.0,2.3,1.4,1.8,2.9,3.2,19.8
286,D.J. White,6.08,2008,1105.0,0.632,0.606,0.008,0.5770000000000001,0.275,33,7.8,12.9,0.605,7.8,12.8,0.607,0.0,0.1,0.33299999999999996,5.1,7.5,0.6890000000000001,12.3,0.9,0.9,2.0,2.3,3.0,20.8
288,Blake Griffin,6.88,2009,1165.0,0.648,0.657,0.017,0.706,0.332,35,10.3,15.8,0.654,10.2,15.5,0.659,0.1,0.3,0.375,6.6,11.1,0.59,17.3,2.7,1.3,1.4,4.0,3.1,27.3
290,James Harden,7.82,2009,1254.0,0.607,0.5529999999999999,0.361,0.597,0.22899999999999998,35,7.0,14.4,0.489,5.2,9.2,0.564,1.9,5.2,0.35600000000000004,6.5,8.6,0.7559999999999999,6.2,4.7,1.9,0.4,3.8,3.2,22.5
291,Tyreke Evans,4.63,2009,1072.0,0.529,0.489,0.24600000000000002,0.384,0.268,37,8.6,18.8,0.455,7.3,14.2,0.514,1.3,4.6,0.27399999999999997,5.1,7.2,0.711,7.4,5.3,2.9,1.1,5.0,3.3,23.6
292,Jonny Flynn,9.48,2009,1418.0,0.5670000000000001,0.507,0.298,0.48100000000000004,0.13699999999999998,38,6.2,13.4,0.46,4.9,9.4,0.521,1.3,4.0,0.317,5.1,6.5,0.7859999999999999,2.9,7.2,1.5,0.2,3.6,1.6,18.7
293,Stephen Curry,-3.33,2009,1145.0,0.604,0.5489999999999999,0.489,0.365,0.348,34,10.9,24.0,0.45399999999999996,6.4,12.3,0.519,4.5,11.7,0.387,7.7,8.8,0.8759999999999999,5.3,6.6,3.0,0.3,4.4,2.8,34.0
295,DeMar DeRozan,9.15,2009,1168.0,0.555,0.531,0.098,0.401,0.14,35,6.6,12.6,0.523,6.4,11.3,0.562,0.2,1.2,0.16699999999999998,3.3,5.0,0.6459999999999999,6.9,1.7,1.1,0.4,2.5,2.5,16.6
296,Terrence Williams,8.41,2009,1266.0,0.517,0.504,0.37799999999999995,0.298,0.195,37,5.3,12.4,0.431,3.5,7.7,0.45899999999999996,1.8,4.7,0.385,2.1,3.7,0.581,10.0,5.8,2.7,0.9,2.7,2.0,14.6
297,Gerald Henderson,9.07,2009,1098.0,0.542,0.494,0.258,0.397,0.201,37,7.8,17.2,0.45,6.3,12.8,0.49,1.5,4.4,0.336,5.2,6.8,0.7609999999999999,6.7,3.3,1.7,1.0,2.9,2.3,22.2
298,Tyler Hansbrough,8.35,2009,1029.0,0.613,0.524,0.053,0.682,0.261,34,8.7,16.9,0.514,8.3,16.0,0.521,0.3,0.9,0.391,9.7,11.5,0.841,10.7,1.3,1.6,0.5,2.4,3.0,27.4
299,Earl Clark,8.41,2009,1269.0,0.517,0.49200000000000005,0.215,0.314,0.184,37,6.4,13.9,0.457,5.4,10.9,0.493,1.0,3.0,0.326,2.8,4.4,0.647,10.1,3.8,1.2,1.6,3.8,2.2,16.5
300,Austin Daye,3.55,2009,895.0,0.56,0.532,0.252,0.327,0.255,34,7.1,14.9,0.47700000000000004,5.5,11.1,0.494,1.6,3.8,0.429,3.4,4.9,0.706,10.4,1.7,1.1,3.1,3.3,4.3,19.3
301,James Johnson,7.36,2009,946.0,0.593,0.574,0.2,0.287,0.22399999999999998,31,7.9,14.6,0.542,7.0,11.7,0.598,0.9,2.9,0.319,2.9,4.2,0.6970000000000001,11.2,2.6,1.9,2.0,3.1,3.8,19.7
302,Jrue Holiday,7.18,2009,950.0,0.532,0.504,0.353,0.249,0.138,35,4.7,10.5,0.45,3.6,6.8,0.528,1.1,3.7,0.307,1.9,2.6,0.726,5.6,5.4,2.3,0.8,3.2,3.2,12.5
303,Ty Lawson,8.35,2009,1048.0,0.659,0.607,0.316,0.608,0.263,35,6.9,13.1,0.532,5.0,8.9,0.56,1.9,4.1,0.47200000000000003,6.3,7.9,0.7979999999999999,4.0,8.8,2.9,0.2,2.5,2.3,22.2
304,Jeff Teague,7.36,2009,991.0,0.615,0.546,0.275,0.59,0.22699999999999998,31,7.3,15.0,0.485,5.4,10.9,0.502,1.8,4.1,0.441,7.2,8.8,0.8170000000000001,4.1,4.4,2.3,0.8,4.2,2.7,23.6
305,Eric Maynor,-0.65,2009,1206.0,0.583,0.524,0.341,0.45299999999999996,0.23,34,8.2,17.8,0.46299999999999997,6.0,11.7,0.516,2.2,6.1,0.361,6.6,8.1,0.815,4.0,7.0,1.9,0.2,3.3,2.7,25.2
306,Darren Collison,7.18,2009,1103.0,0.624,0.568,0.302,0.366,0.196,35,6.3,12.5,0.509,4.9,8.7,0.5579999999999999,1.5,3.8,0.39399999999999996,4.1,4.6,0.897,3.0,6.0,2.1,0.2,3.2,1.9,18.3
307,Byron Mullens,8.23,2009,671.0,0.629,0.638,0.005,0.495,0.198,33,7.2,11.2,0.638,7.2,11.1,0.642,0.0,0.1,0.0,3.1,5.5,0.5589999999999999,9.2,0.5,1.0,2.2,3.0,4.1,17.4
310,Wayne Ellington,8.35,2009,1155.0,0.604,0.579,0.45799999999999996,0.252,0.18899999999999997,38,7.4,15.4,0.483,4.5,8.3,0.539,2.9,7.1,0.41700000000000004,3.0,3.9,0.777,6.4,3.5,1.2,0.2,2.1,2.0,20.8
312,John Wall,6.82,2010,1288.0,0.562,0.503,0.26,0.53,0.196,37,6.3,13.6,0.461,5.1,10.1,0.509,1.1,3.5,0.325,5.4,7.2,0.754,4.9,7.5,2.0,0.6,4.6,2.2,19.1
313,Evan Turner,7.37,2010,1108.0,0.581,0.54,0.12,0.4,0.247,31,8.6,16.5,0.519,7.8,14.5,0.54,0.7,2.0,0.364,5.0,6.6,0.754,10.3,6.7,1.9,1.0,4.9,3.1,22.8
314,Derrick Favors,9.02,2010,989.0,0.621,0.611,0.003,0.488,0.195,36,7.2,11.9,0.611,7.2,11.8,0.613,0.0,0.0,0.0,3.6,5.8,0.629,12.3,1.5,1.3,3.0,3.6,3.8,18.1
316,DeMarcus Cousins,6.82,2010,893.0,0.579,0.56,0.016,0.726,0.29,38,9.2,16.5,0.5579999999999999,9.2,16.3,0.565,0.0,0.3,0.16699999999999998,7.3,12.0,0.604,16.8,1.7,1.7,3.0,3.5,5.5,25.8
318,Greg Monroe,9.55,2010,1164.0,0.5670000000000001,0.534,0.07,0.5429999999999999,0.18899999999999997,34,6.9,13.2,0.525,6.7,12.3,0.545,0.2,0.9,0.259,4.7,7.2,0.66,11.3,4.4,1.4,1.8,3.8,3.0,18.9
319,Al-Farouq Aminu,8.85,2010,970.0,0.524,0.47100000000000003,0.17600000000000002,0.532,0.17600000000000002,31,6.9,15.4,0.447,6.1,12.7,0.484,0.7,2.7,0.273,5.7,8.2,0.698,13.7,1.7,1.8,1.8,4.1,3.8,20.2
320,Gordon Hayward,5.08,2010,1239.0,0.601,0.527,0.429,0.579,0.22399999999999998,37,5.6,12.0,0.46399999999999997,4.1,6.9,0.5920000000000001,1.5,5.2,0.294,5.8,7.0,0.8290000000000001,9.8,2.0,1.3,1.0,2.7,2.5,18.5
321,Paul George,1.31,2010,962.0,0.5720000000000001,0.506,0.46,0.364,0.17300000000000001,29,6.4,15.1,0.424,4.0,8.1,0.485,2.5,6.9,0.353,5.0,5.5,0.909,8.7,3.7,2.7,1.0,3.9,3.5,20.2
323,Xavier Henry,8.25,2010,990.0,0.591,0.555,0.466,0.325,0.19699999999999998,36,6.5,14.3,0.45799999999999996,3.8,7.6,0.49200000000000005,2.8,6.7,0.418,3.6,4.6,0.7829999999999999,6.3,2.1,2.2,0.7,2.8,2.7,19.5
325,Patrick Patterson,6.82,2010,1255.0,0.624,0.607,0.184,0.348,0.223,38,6.9,11.9,0.575,6.1,9.7,0.626,0.8,2.2,0.348,2.9,4.1,0.6920000000000001,9.0,1.1,0.9,1.6,1.3,1.9,17.3
326,Larry Sanders,0.64,2010,941.0,0.563,0.54,0.044000000000000004,0.455,0.228,35,8.3,15.6,0.534,8.2,14.9,0.547,0.2,0.7,0.25,4.5,7.1,0.6409999999999999,13.6,1.4,1.1,3.8,2.5,4.4,21.4
327,Luke Babbitt,2.56,2010,1260.0,0.614,0.542,0.201,0.43200000000000005,0.213,34,8.0,15.9,0.5,6.6,12.7,0.521,1.3,3.2,0.41600000000000004,6.3,6.9,0.917,9.6,2.3,1.1,0.9,2.6,2.8,23.6
328,Eric Bledsoe,6.82,2010,1122.0,0.5660000000000001,0.54,0.41,0.39399999999999996,0.126,37,5.1,11.1,0.462,3.4,6.6,0.516,1.7,4.6,0.38299999999999995,2.9,4.4,0.667,4.1,3.8,1.9,0.4,4.0,2.9,14.9
329,Avery Bradley,7.38,2010,1003.0,0.496,0.489,0.304,0.179,0.127,34,6.3,14.7,0.43200000000000005,4.7,10.2,0.457,1.7,4.5,0.375,1.4,2.6,0.545,3.9,2.8,1.8,0.7,2.1,3.2,15.8
330,James Anderson,6.97,2010,1124.0,0.596,0.532,0.439,0.522,0.247,33,8.0,17.6,0.457,5.4,9.9,0.5489999999999999,2.6,7.7,0.341,7.4,9.2,0.81,6.8,2.8,1.6,0.7,2.8,3.1,26.2
331,Craig Brackins,8.37,2010,1124.0,0.498,0.45,0.19,0.337,0.14300000000000002,32,6.8,16.3,0.42,5.9,13.2,0.446,1.0,3.1,0.31,4.2,5.5,0.76,9.7,2.5,0.9,1.4,2.4,2.3,18.8
333,Trevor Booker,7.9,2010,984.0,0.5489999999999999,0.5329999999999999,0.094,0.474,0.223,32,7.6,14.7,0.521,7.3,13.3,0.547,0.4,1.4,0.265,4.1,7.0,0.591,10.9,3.3,1.7,1.8,2.5,2.6,19.8
334,Damion James,7.38,2010,1029.0,0.578,0.544,0.22399999999999998,0.5489999999999999,0.252,34,8.2,16.3,0.501,6.8,12.6,0.535,1.4,3.7,0.38299999999999995,6.0,8.9,0.674,13.6,1.3,2.2,1.6,2.7,3.9,23.8
335,Dominique Jones,7.21,2010,1224.0,0.562,0.503,0.33899999999999997,0.5720000000000001,0.204,33,7.3,16.1,0.45,5.6,10.7,0.521,1.7,5.5,0.311,6.8,9.2,0.741,6.6,3.9,1.8,0.6,3.2,3.0,23.0
336,Quincy Pondexter,7.49,2010,1162.0,0.608,0.547,0.11,0.48700000000000004,0.25,36,8.4,16.0,0.528,7.8,14.2,0.55,0.6,1.8,0.353,6.4,7.8,0.8270000000000001,9.1,2.2,1.6,0.7,2.3,3.1,23.9
338,Greivis Vasquez,7.95,2010,1120.0,0.5489999999999999,0.496,0.374,0.314,0.20800000000000002,33,7.9,18.3,0.429,5.4,11.5,0.47,2.5,6.9,0.359,4.9,5.8,0.857,5.5,7.4,2.0,0.4,4.0,2.5,23.1
339,Daniel Orton,6.82,2010,502.0,0.5329999999999999,0.527,0.022000000000000002,0.6920000000000001,0.135,38,3.8,7.3,0.527,3.8,7.1,0.539,0.0,0.2,0.0,2.6,5.0,0.524,10.0,1.2,1.7,4.2,3.0,7.0,10.3
340,Lazar Hayward,8.23,2010,1097.0,0.536,0.495,0.36200000000000004,0.247,0.198,34,8.1,18.7,0.43200000000000005,5.7,12.0,0.479,2.4,6.8,0.349,3.9,4.6,0.843,9.3,1.9,2.3,0.7,2.4,4.2,22.5
341,Kyrie Irving,8.31,2011,303.0,0.6970000000000001,0.615,0.375,0.6829999999999999,0.32,11,7.3,13.7,0.529,4.9,8.6,0.569,2.4,5.1,0.462,8.4,9.4,0.9009999999999999,4.9,6.2,2.1,0.8,3.6,3.0,25.3
342,Derrick Williams,7.99,2011,1141.0,0.69,0.65,0.195,0.871,0.27899999999999997,38,7.9,13.3,0.595,6.5,10.7,0.601,1.5,2.6,0.568,8.7,11.6,0.746,11.0,1.5,1.3,0.9,3.5,3.7,26.0
344,Brandon Knight,8.91,2011,1363.0,0.5529999999999999,0.508,0.45,0.33299999999999996,0.157,38,6.4,15.1,0.423,3.8,8.3,0.461,2.6,6.8,0.377,4.0,5.0,0.795,4.5,4.7,0.7,0.2,3.5,2.4,19.3
345,Kemba Walker,10.44,2011,1543.0,0.5429999999999999,0.478,0.307,0.426,0.251,41,8.2,19.2,0.428,6.2,13.3,0.47100000000000003,1.9,5.9,0.33,6.7,8.2,0.8190000000000001,5.8,4.8,2.0,0.2,2.4,1.5,25.0
346,Jimmer Fredette,5.76,2011,1323.0,0.594,0.5329999999999999,0.409,0.369,0.256,37,10.5,23.1,0.452,6.7,13.7,0.491,3.7,9.5,0.396,7.6,8.5,0.894,3.8,4.8,1.5,0.0,4.0,1.5,32.3
347,Klay Thompson,6.81,2011,1179.0,0.574,0.525,0.446,0.336,0.198,34,8.1,18.7,0.436,4.8,10.3,0.466,3.3,8.3,0.39799999999999996,5.3,6.3,0.838,6.0,4.3,1.9,1.1,3.9,3.4,24.9
348,Alec Burks,5.61,2011,1193.0,0.574,0.495,0.179,0.564,0.221,38,8.4,17.9,0.469,7.5,14.7,0.508,0.9,3.2,0.292,8.3,10.1,0.825,8.3,3.8,1.4,0.4,3.3,3.0,26.1
349,Markieff Morris,7.62,2011,926.0,0.642,0.627,0.17800000000000002,0.462,0.257,38,8.4,14.3,0.589,7.3,11.7,0.625,1.1,2.5,0.424,4.4,6.6,0.6729999999999999,13.7,2.3,1.3,1.9,3.4,4.7,22.4
350,Marcus Morris,7.62,2011,1076.0,0.625,0.601,0.18100000000000002,0.511,0.26899999999999996,38,8.9,15.7,0.57,8.0,12.8,0.62,1.0,2.8,0.342,5.5,8.0,0.688,10.8,2.3,1.2,0.9,2.5,3.6,24.3
351,Kawhi Leonard,6.36,2011,1172.0,0.512,0.47100000000000003,0.18100000000000002,0.305,0.231,36,7.2,16.2,0.444,6.3,13.3,0.478,0.9,2.9,0.29100000000000004,3.8,4.9,0.759,13.0,3.1,1.7,0.7,2.6,3.0,19.0
352,Nikola Vucevic,7.96,2011,1187.0,0.578,0.539,0.195,0.38299999999999995,0.221,34,7.2,14.4,0.505,6.3,11.6,0.542,1.0,2.8,0.349,4.1,5.5,0.755,11.8,1.8,0.6,1.6,2.0,3.2,19.6
353,Iman Shumpert,5.68,2011,992.0,0.517,0.45399999999999996,0.34600000000000003,0.401,0.196,31,7.1,17.6,0.406,5.4,11.5,0.474,1.7,6.1,0.278,5.7,7.1,0.8059999999999999,7.4,4.4,3.4,0.2,2.9,3.5,21.7
354,Chris Singleton,6.45,2011,814.0,0.531,0.495,0.332,0.441,0.191,28,6.1,14.1,0.434,4.4,9.4,0.466,1.7,4.7,0.368,4.1,6.2,0.667,9.4,1.6,2.7,2.0,3.0,4.4,18.0
355,Tobias Harris,8.73,2011,993.0,0.54,0.489,0.18899999999999997,0.423,0.177,34,7.5,16.2,0.46,6.5,13.1,0.49700000000000005,0.9,3.1,0.303,5.2,6.8,0.753,9.9,1.8,1.0,1.2,2.5,2.8,21.0
356,Nolan Smith,8.31,2011,1259.0,0.564,0.508,0.287,0.405,0.23399999999999999,37,8.3,18.0,0.45799999999999996,6.4,12.9,0.501,1.8,5.2,0.35,5.9,7.3,0.813,5.3,6.0,1.4,0.1,3.7,2.3,24.3
358,Reggie Jackson,7.31,2011,1161.0,0.618,0.585,0.389,0.315,0.193,34,7.5,15.0,0.503,5.1,9.2,0.556,2.4,5.8,0.42,3.8,4.7,0.7959999999999999,5.0,5.2,1.2,0.6,2.8,2.0,21.3
359,MarShon Brooks,6.44,2011,1168.0,0.584,0.542,0.345,0.384,0.203,32,9.5,19.6,0.483,7.2,12.8,0.5589999999999999,2.3,6.7,0.34,5.8,7.5,0.772,7.7,2.7,1.6,1.3,3.4,2.7,27.0
360,Jordan Hamilton,7.96,2011,1159.0,0.55,0.522,0.424,0.221,0.231,36,8.4,19.1,0.44,5.3,11.0,0.48100000000000004,3.1,8.1,0.385,3.3,4.2,0.779,9.5,2.6,1.1,0.8,2.7,2.2,23.2
361,Norris Cole,1.74,2011,1285.0,0.5579999999999999,0.483,0.26,0.465,0.258,36,7.8,17.8,0.439,6.2,13.2,0.473,1.6,4.6,0.342,7.1,8.3,0.853,6.5,5.9,2.5,0.1,3.0,2.7,24.3
362,Cory Joseph,7.96,2011,1166.0,0.526,0.503,0.391,0.22699999999999998,0.152,36,4.7,11.0,0.42200000000000004,2.9,6.7,0.429,1.8,4.3,0.413,1.7,2.5,0.6990000000000001,4.4,3.7,1.3,0.4,1.9,2.2,12.9
363,Jimmy Butler,8.51,2011,1282.0,0.5870000000000001,0.516,0.152,0.628,0.198,37,5.8,11.9,0.49,5.2,10.1,0.515,0.6,1.8,0.345,5.9,7.5,0.7829999999999999,7.0,2.7,1.7,0.4,1.7,1.5,18.2
364,Anthony Davis,7.93,2012,1281.0,0.654,0.628,0.059000000000000004,0.602,0.31,40,6.6,10.5,0.623,6.5,9.9,0.653,0.1,0.6,0.15,4.5,6.3,0.7090000000000001,13.0,1.6,1.7,5.8,1.3,2.4,17.7
365,Michael Kidd-Gilchrist,7.93,2012,1245.0,0.57,0.511,0.156,0.589,0.192,40,5.1,10.5,0.491,4.7,8.8,0.535,0.4,1.6,0.255,4.6,6.2,0.745,9.5,2.4,1.3,1.2,2.8,3.1,15.3
366,Bradley Beal,7.33,2012,1267.0,0.575,0.525,0.473,0.44,0.18,37,5.5,12.4,0.445,3.5,6.5,0.541,2.0,5.9,0.33899999999999997,4.2,5.5,0.769,7.9,2.6,1.6,1.0,2.5,2.4,17.2
367,Dion Waiters,8.02,2012,891.0,0.565,0.534,0.317,0.331,0.223,37,7.6,16.0,0.47600000000000003,5.8,11.0,0.529,1.8,5.1,0.363,3.9,5.3,0.7290000000000001,3.8,4.1,3.0,0.5,2.2,3.1,21.0
368,Thomas Robinson,9.93,2012,1242.0,0.5489999999999999,0.512,0.027000000000000003,0.462,0.231,39,8.4,16.7,0.505,8.2,16.2,0.505,0.2,0.5,0.5,5.2,7.7,0.682,14.9,2.3,1.4,1.1,3.3,3.4,22.3
369,Damian Lillard,-3.65,2012,1105.0,0.635,0.562,0.465,0.519,0.29100000000000004,32,8.4,17.9,0.467,5.0,9.6,0.517,3.4,8.3,0.409,8.3,9.3,0.887,5.8,4.6,1.7,0.3,2.7,2.2,28.4
370,Harrison Barnes,7.07,2012,1111.0,0.528,0.48700000000000004,0.263,0.374,0.18100000000000002,38,8.2,18.8,0.44,6.5,13.8,0.469,1.8,4.9,0.358,5.1,7.0,0.723,7.1,1.5,1.5,0.5,2.7,2.4,23.3
371,Terrence Ross,5.27,2012,1088.0,0.5579999999999999,0.534,0.413,0.2,0.17800000000000002,35,7.9,17.3,0.457,5.3,10.1,0.518,2.6,7.1,0.371,2.6,3.5,0.7659999999999999,8.3,1.8,1.6,1.2,2.6,3.6,21.1
372,Andre Drummond,8.07,2012,967.0,0.509,0.5379999999999999,0.006999999999999999,0.301,0.121,34,6.5,12.1,0.5379999999999999,6.5,12.0,0.541,0.0,0.1,0.0,1.1,3.6,0.295,10.6,0.6,1.2,3.8,2.2,3.1,14.1
373,Austin Rivers,8.4,2012,1129.0,0.5379999999999999,0.505,0.396,0.45799999999999996,0.124,34,6.2,14.2,0.433,4.1,8.6,0.47700000000000004,2.1,5.6,0.365,4.3,6.5,0.6579999999999999,4.1,2.5,1.2,0.0,2.8,2.7,18.7
374,Meyers Leonard,7.99,2012,1018.0,0.618,0.586,0.038,0.436,0.182,32,6.7,11.4,0.584,6.6,11.0,0.604,0.0,0.4,0.091,3.7,5.0,0.732,10.3,1.7,0.6,2.4,2.7,3.7,17.1
375,Jeremy Lamb,8.07,2012,1266.0,0.589,0.556,0.465,0.267,0.165,34,6.9,14.3,0.478,4.6,7.7,0.601,2.2,6.7,0.336,3.1,3.8,0.81,5.2,1.8,1.3,0.7,2.1,1.8,19.1
376,Kendall Marshall,7.07,2012,1189.0,0.5579999999999999,0.529,0.35100000000000003,0.35100000000000003,0.147,36,3.5,7.6,0.467,2.6,4.9,0.527,0.9,2.7,0.354,1.9,2.7,0.696,3.2,11.8,1.4,0.2,3.4,1.9,9.9
378,Maurice Harkless,6.98,2012,1155.0,0.504,0.47200000000000003,0.185,0.326,0.109,32,6.7,14.8,0.452,6.1,12.1,0.506,0.6,2.7,0.215,3.3,4.8,0.6759999999999999,9.6,1.6,1.8,1.6,2.8,2.6,17.2
380,Terrence Jones,7.93,2012,1115.0,0.547,0.523,0.138,0.446,0.209,38,6.3,12.7,0.5,5.8,10.9,0.528,0.6,1.8,0.327,3.6,5.7,0.627,9.8,1.8,1.8,2.4,2.2,3.3,16.8
381,Andrew Nicholson,2.84,2012,962.0,0.638,0.601,0.138,0.429,0.24,32,9.1,16.0,0.5710000000000001,8.2,13.8,0.593,1.0,2.2,0.434,5.3,6.9,0.7759999999999999,11.2,1.4,0.9,2.6,3.3,3.7,24.6
382,Jared Sullinger,9.07,2012,1123.0,0.591,0.5379999999999999,0.091,0.519,0.28,37,8.1,15.6,0.519,7.6,14.2,0.531,0.6,1.4,0.4,6.2,8.1,0.768,12.1,1.6,1.5,1.4,2.5,3.9,23.0
383,John Jenkins,8.04,2012,1177.0,0.6559999999999999,0.62,0.6659999999999999,0.33399999999999996,0.223,35,7.4,15.6,0.474,2.8,5.2,0.542,4.6,10.4,0.439,4.4,5.2,0.8370000000000001,3.4,1.4,1.0,0.4,1.9,1.4,23.7
384,Jared Cunningham,3.38,2012,1245.0,0.568,0.507,0.336,0.614,0.162,36,6.4,14.1,0.45,4.8,9.4,0.507,1.6,4.8,0.33799999999999997,6.4,8.7,0.737,4.4,3.2,2.9,0.5,3.3,2.8,20.7
385,Tony Wroten,5.27,2012,1062.0,0.488,0.45299999999999996,0.125,0.591,0.12,35,7.5,16.8,0.44299999999999995,7.1,14.7,0.483,0.3,2.1,0.161,5.8,9.9,0.583,6.6,4.9,2.5,0.5,5.0,3.5,21.1
388,Perry Jones,8.03,2012,1013.0,0.539,0.514,0.091,0.28,0.16699999999999998,33,7.2,14.4,0.5,6.8,13.1,0.52,0.4,1.3,0.303,2.8,4.0,0.696,10.0,1.7,1.1,0.8,2.2,3.0,17.6
389,Marquis Teague,7.93,2012,1303.0,0.491,0.449,0.22699999999999998,0.33799999999999997,0.10800000000000001,40,4.5,10.8,0.41200000000000003,3.7,8.3,0.43799999999999994,0.8,2.5,0.325,2.6,3.7,0.7140000000000001,3.1,5.9,1.1,0.3,3.3,2.8,12.3
391,Anthony Bennett,5.71,2013,950.0,0.609,0.58,0.253,0.467,0.23800000000000002,35,8.5,16.0,0.5329999999999999,7.0,11.9,0.5870000000000001,1.5,4.0,0.375,5.2,7.5,0.701,12.0,1.4,1.0,1.8,2.7,3.4,23.7
392,Victor Oladipo,8.38,2013,1021.0,0.6709999999999999,0.648,0.22399999999999998,0.428,0.264,36,7.1,11.9,0.599,6.0,9.2,0.644,1.2,2.7,0.441,3.8,5.1,0.746,8.9,2.9,3.1,1.1,3.3,3.5,19.2
393,Otto Porter,7.59,2013,1097.0,0.59,0.541,0.29100000000000004,0.449,0.26,31,6.1,12.8,0.48,4.6,9.0,0.504,1.6,3.7,0.42200000000000004,4.4,5.7,0.777,8.5,3.1,2.1,1.0,1.7,2.2,18.3
394,Cody Zeller,8.38,2013,1062.0,0.624,0.564,0.006,0.7340000000000001,0.27399999999999997,36,7.5,13.3,0.564,7.5,13.2,0.5670000000000001,0.0,0.1,0.0,7.4,9.8,0.757,10.9,1.8,1.4,1.7,3.1,3.0,22.4
395,Alex Len,4.66,2013,1004.0,0.57,0.535,0.025,0.47200000000000003,0.2,38,6.9,12.9,0.534,6.9,12.6,0.544,0.0,0.3,0.125,4.2,6.1,0.6859999999999999,11.9,1.5,0.3,3.1,2.4,4.0,18.0
397,Ben McLemore,7.54,2013,1191.0,0.633,0.586,0.435,0.345,0.217,37,6.6,13.4,0.495,4.2,7.6,0.5529999999999999,2.5,5.8,0.42,4.0,4.6,0.87,6.4,2.5,1.2,0.8,2.6,2.3,19.8
398,Kentavious Caldwell-Pope,6.09,2013,1086.0,0.579,0.53,0.523,0.39299999999999996,0.23,32,6.9,15.8,0.433,3.8,7.6,0.498,3.1,8.3,0.373,5.0,6.2,0.799,8.3,2.1,2.4,0.6,2.4,2.6,21.8
399,Trey Burke,10.05,2013,1378.0,0.569,0.53,0.354,0.29600000000000004,0.249,39,7.5,16.3,0.46299999999999997,5.3,10.5,0.506,2.2,5.7,0.384,3.9,4.8,0.8009999999999999,3.6,7.5,1.8,0.6,2.5,2.1,21.1
400,C.J. McCollum,-3.01,2013,372.0,0.628,0.58,0.33,0.376,0.261,12,10.3,20.9,0.495,6.8,14.0,0.485,3.5,6.9,0.516,6.7,7.8,0.8490000000000001,6.5,3.8,1.8,0.4,3.4,2.3,30.9
401,Michael Carter-Williams,8.57,2013,1409.0,0.491,0.43799999999999994,0.302,0.47200000000000003,0.174,40,4.4,11.2,0.39299999999999996,3.4,7.8,0.436,1.0,3.4,0.294,3.7,5.3,0.6940000000000001,5.6,8.3,3.1,0.6,3.9,2.6,13.5
403,Kelly Olynyk,4.18,2013,845.0,0.675,0.642,0.08800000000000001,0.49700000000000005,0.315,32,10.2,16.2,0.629,9.8,14.8,0.66,0.4,1.4,0.3,6.2,8.0,0.7759999999999999,11.1,2.6,1.0,1.7,3.6,3.4,27.0
404,Shabazz Muhammad,7.82,2013,987.0,0.528,0.48700000000000004,0.23199999999999998,0.395,0.149,32,8.2,18.5,0.44299999999999995,6.6,14.2,0.46299999999999997,1.6,4.3,0.377,5.2,7.3,0.711,6.8,1.1,0.9,0.2,2.1,2.1,23.2
405,Shane Larkin,7.88,2013,1311.0,0.6,0.569,0.445,0.293,0.19899999999999998,36,5.6,11.7,0.479,3.5,6.5,0.5379999999999999,2.1,5.2,0.406,2.7,3.4,0.777,4.2,5.0,2.2,0.1,2.5,1.8,15.9
406,Tony Snell,6.63,2013,1093.0,0.562,0.516,0.48100000000000004,0.299,0.133,35,5.3,12.5,0.42200000000000004,2.9,6.5,0.452,2.3,6.0,0.39,3.1,3.7,0.843,3.4,3.7,1.1,0.6,2.6,1.7,16.0
409,Solomon Hill,7.47,2013,1154.0,0.579,0.541,0.423,0.359,0.17600000000000002,35,5.5,12.0,0.45799999999999996,3.5,6.9,0.508,2.0,5.1,0.39,3.3,4.3,0.7659999999999999,6.5,3.3,1.4,0.7,2.7,2.6,16.2
410,Tim Hardaway,10.05,2013,1324.0,0.5379999999999999,0.516,0.424,0.24100000000000002,0.136,38,6.1,13.9,0.43700000000000006,3.9,8.0,0.483,2.2,5.9,0.374,2.3,3.4,0.6940000000000001,5.3,2.8,0.8,0.5,2.1,2.2,16.7
411,Reggie Bullock,8.01,2013,1100.0,0.625,0.607,0.5670000000000001,0.205,0.207,35,6.3,12.9,0.483,3.1,5.6,0.545,3.2,7.3,0.436,2.0,2.7,0.767,8.2,3.7,1.6,0.4,1.6,1.8,17.7
412,Andre Roberson,7.95,2013,1036.0,0.524,0.515,0.21100000000000002,0.35600000000000004,0.166,31,5.1,10.6,0.48,4.4,8.4,0.521,0.7,2.2,0.32799999999999996,2.1,3.8,0.551,13.4,1.7,2.6,1.6,2.9,3.0,13.0
413,Archie Goodwin,5.78,2013,1048.0,0.509,0.46399999999999997,0.179,0.594,0.11699999999999999,33,6.0,13.6,0.44,5.3,11.2,0.478,0.6,2.4,0.266,5.2,8.1,0.637,5.8,3.4,1.4,0.6,3.9,3.7,17.8
414,Andrew Wiggins,11.4,2014,1148.0,0.563,0.499,0.299,0.5379999999999999,0.17,35,6.6,14.7,0.44799999999999995,5.1,10.3,0.493,1.5,4.4,0.341,6.1,7.9,0.775,7.1,1.9,1.4,1.2,2.8,3.3,20.8
415,Jabari Parker,8.48,2014,1074.0,0.5579999999999999,0.511,0.212,0.429,0.205,35,8.8,18.6,0.473,7.4,14.6,0.504,1.4,3.9,0.358,6.0,8.0,0.748,11.4,1.5,1.4,1.6,3.0,3.1,25.0
416,Joel Embiid,11.4,2014,647.0,0.655,0.629,0.028999999999999998,0.836,0.213,28,6.6,10.6,0.626,6.6,10.3,0.639,0.1,0.3,0.2,6.1,8.8,0.685,14.0,2.3,1.5,4.5,4.1,5.8,19.4
417,Aaron Gordon,9.04,2014,1187.0,0.503,0.516,0.11800000000000001,0.47100000000000003,0.183,38,6.4,12.9,0.495,5.8,11.4,0.513,0.5,1.5,0.35600000000000004,2.6,6.1,0.42200000000000004,10.2,2.5,1.1,1.3,1.9,3.0,15.8
418,Marcus Smart,8.34,2014,1014.0,0.552,0.486,0.425,0.648,0.22,31,6.4,15.2,0.42200000000000004,4.5,8.8,0.514,1.9,6.5,0.299,7.2,9.9,0.728,7.2,5.8,3.5,0.7,3.2,3.6,22.0
419,Julius Randle,9.89,2014,1233.0,0.5670000000000001,0.505,0.046,0.7390000000000001,0.191,40,6.4,12.7,0.501,6.3,12.1,0.517,0.1,0.6,0.16699999999999998,6.6,9.4,0.706,13.5,1.8,0.6,1.0,3.3,3.0,19.4
420,Nik Stauskas,9.65,2014,1281.0,0.642,0.586,0.528,0.518,0.193,36,5.8,12.3,0.47,2.9,5.8,0.5,2.9,6.5,0.442,5.2,6.4,0.8240000000000001,3.3,3.7,0.6,0.3,2.1,1.5,19.7
421,Noah Vonleh,6.64,2014,794.0,0.604,0.56,0.153,0.62,0.182,30,5.7,10.9,0.523,4.9,9.2,0.53,0.8,1.7,0.485,4.8,6.8,0.716,13.6,0.9,1.3,2.1,3.2,4.1,17.0
422,Elfrid Payton,-0.28,2014,1258.0,0.551,0.524,0.11599999999999999,0.648,0.177,35,7.5,14.8,0.509,7.1,13.1,0.541,0.4,1.7,0.259,5.9,9.6,0.609,6.7,6.6,2.5,0.7,4.0,2.6,21.4
423,Doug McDermott,7.17,2014,1181.0,0.644,0.603,0.341,0.32899999999999996,0.261,35,11.2,21.2,0.526,7.9,14.0,0.5670000000000001,3.3,7.2,0.449,6.0,7.0,0.8640000000000001,8.3,1.9,0.3,0.2,2.1,2.3,31.6
424,Zach LaVine,7.62,2014,904.0,0.545,0.524,0.444,0.23600000000000002,0.111,37,5.6,12.7,0.441,3.5,7.1,0.494,2.1,5.7,0.375,2.1,3.0,0.691,4.2,2.9,1.5,0.3,1.9,3.2,15.4
425,T.J. Warren,7.44,2014,1238.0,0.574,0.5479999999999999,0.17800000000000002,0.34700000000000003,0.209,35,11.1,21.1,0.525,10.0,17.3,0.58,1.0,3.7,0.267,5.0,7.3,0.69,8.1,1.3,2.0,0.7,2.7,3.1,28.1
426,Adreian Payne,9.38,2014,870.0,0.607,0.565,0.294,0.39,0.2,31,8.2,16.3,0.503,6.2,11.5,0.536,2.0,4.8,0.423,5.0,6.3,0.79,10.3,1.9,0.7,1.3,2.9,3.7,23.4
427,James Young,9.89,2014,1296.0,0.536,0.498,0.522,0.39299999999999996,0.145,40,5.6,13.9,0.40700000000000003,3.1,6.6,0.47,2.5,7.3,0.349,3.9,5.5,0.706,5.3,2.1,0.9,0.2,2.3,2.6,17.7
428,Tyler Ennis,7.25,2014,1215.0,0.511,0.45299999999999996,0.23600000000000002,0.414,0.18,34,4.9,11.9,0.41100000000000003,3.9,9.1,0.429,1.0,2.8,0.353,3.8,4.9,0.765,3.8,6.2,2.3,0.2,1.9,2.3,14.5
429,Gary Harris,9.38,2014,1131.0,0.561,0.518,0.505,0.312,0.188,35,6.9,16.1,0.429,4.0,8.0,0.507,2.9,8.1,0.35200000000000004,4.1,5.0,0.81,5.0,3.3,2.2,0.5,2.1,2.6,20.7
430,Mitch McGary,9.65,2014,198.0,0.5720000000000001,0.545,0.036000000000000004,0.436,0.20800000000000002,8,6.1,11.1,0.545,6.1,10.7,0.5660000000000001,0.0,0.4,0.0,3.2,4.8,0.667,13.3,2.4,3.0,1.2,2.6,5.1,15.4
431,Jordan Adams,7.62,2014,1082.0,0.603,0.545,0.34,0.441,0.237,36,7.7,15.9,0.485,5.8,10.5,0.551,1.9,5.4,0.35600000000000004,5.8,7.0,0.836,7.1,3.1,3.5,0.2,2.0,2.9,23.1
433,Shabazz Napier,8.62,2014,1404.0,0.591,0.517,0.433,0.48,0.226,40,6.1,14.1,0.429,3.6,8.0,0.44799999999999995,2.5,6.1,0.405,5.9,6.8,0.87,6.7,5.6,2.1,0.4,3.2,2.4,20.5
434,P.J. Hairston,8.01,2014,804.0,0.586,0.551,0.61,0.306,0.228,34,7.9,18.4,0.431,3.5,7.2,0.486,4.4,11.2,0.396,4.4,5.6,0.779,7.3,2.3,2.1,0.7,1.9,3.2,24.6
435,C.J. Wilcox,6.45,2014,1116.0,0.598,0.556,0.529,0.271,0.159,32,7.1,15.6,0.45299999999999996,3.8,7.3,0.522,3.2,8.2,0.391,3.7,4.2,0.873,4.3,2.9,1.1,1.1,1.9,2.7,21.0
436,Josh Huestis,9.0,2014,1266.0,0.51,0.488,0.223,0.295,0.126,36,4.9,10.9,0.451,4.1,8.5,0.483,0.8,2.4,0.33799999999999997,2.0,3.2,0.627,9.3,1.4,0.7,2.2,1.4,2.4,12.7
437,Kyle Anderson,7.62,2014,1196.0,0.5660000000000001,0.517,0.154,0.493,0.18899999999999997,36,6.1,12.6,0.48,5.1,10.7,0.48,0.9,1.9,0.483,4.6,6.2,0.737,10.5,7.8,2.1,0.9,3.7,2.0,17.6
438,Karl-Anthony Towns,8.67,2015,822.0,0.627,0.57,0.031,0.523,0.311,39,7.1,12.5,0.5660000000000001,7.0,12.1,0.5770000000000001,0.1,0.4,0.25,5.3,6.5,0.813,12.7,2.1,0.9,4.3,2.6,5.6,19.5
439,D'Angelo Russell,7.37,2015,1188.0,0.573,0.541,0.449,0.303,0.22899999999999998,35,7.8,17.3,0.449,4.6,9.6,0.479,3.2,7.8,0.41100000000000003,4.0,5.3,0.7559999999999999,6.7,5.9,1.9,0.4,3.4,2.5,22.7
442,Stanley Johnson,7.41,2015,1081.0,0.551,0.501,0.297,0.456,0.212,38,6.4,14.4,0.446,4.8,10.1,0.478,1.6,4.3,0.371,4.9,6.6,0.742,9.1,2.3,2.1,0.6,3.0,3.7,19.4
443,Frank Kaminsky,10.29,2015,1311.0,0.628,0.59,0.207,0.41,0.299,39,8.1,14.9,0.547,6.9,11.8,0.581,1.3,3.1,0.41600000000000004,4.8,6.1,0.78,9.8,3.1,1.0,1.7,1.9,2.0,22.3
444,Justise Winslow,9.87,2015,1135.0,0.5720000000000001,0.551,0.309,0.43799999999999994,0.196,39,6.1,12.5,0.486,4.5,8.7,0.516,1.6,3.9,0.418,3.5,5.5,0.6409999999999999,8.9,2.9,1.8,1.2,2.5,3.8,17.3
445,Myles Turner,9.07,2015,755.0,0.556,0.488,0.24100000000000002,0.436,0.213,34,6.2,13.6,0.455,5.3,10.3,0.513,0.9,3.3,0.27399999999999997,5.0,5.9,0.8390000000000001,11.8,1.1,0.5,4.7,2.5,4.3,18.3
446,Trey Lyles,8.67,2015,828.0,0.5429999999999999,0.496,0.121,0.425,0.213,36,5.7,11.6,0.488,5.5,10.2,0.536,0.2,1.4,0.138,3.6,4.9,0.735,9.1,1.8,0.9,0.8,2.0,2.8,15.1
447,Devin Booker,8.67,2015,816.0,0.6,0.5710000000000001,0.491,0.223,0.21899999999999997,38,6.6,14.1,0.47,3.8,7.2,0.527,2.8,6.9,0.41100000000000003,2.6,3.1,0.828,3.7,2.1,0.8,0.1,1.8,2.8,18.7
448,Cameron Payne,-2.81,2015,1127.0,0.573,0.534,0.415,0.315,0.258,35,8.7,19.1,0.456,5.7,11.1,0.513,3.0,7.9,0.377,4.7,6.0,0.787,4.6,7.4,2.4,0.6,3.1,2.6,25.1
449,Kelly Oubre,12.13,2015,756.0,0.555,0.512,0.38299999999999995,0.444,0.18,36,5.8,13.1,0.444,4.0,8.1,0.49700000000000005,1.8,5.0,0.358,4.2,5.8,0.718,9.5,1.5,2.2,0.7,2.3,3.8,17.6
450,Terry Rozier,8.98,2015,1260.0,0.509,0.457,0.301,0.33799999999999997,0.191,36,6.8,16.5,0.41100000000000003,5.3,11.6,0.456,1.5,5.0,0.306,4.4,5.6,0.79,6.3,3.4,2.3,0.2,2.5,2.0,19.5
451,Rashad Vaughn,3.38,2015,742.0,0.547,0.521,0.43,0.299,0.132,23,7.8,17.7,0.439,4.9,10.1,0.48100000000000004,2.9,7.6,0.38299999999999995,3.7,5.3,0.6940000000000001,6.0,1.9,1.0,0.4,2.7,2.9,22.1
452,Sam Dekker,10.29,2015,1239.0,0.605,0.586,0.37200000000000005,0.278,0.225,40,6.9,13.1,0.525,5.3,8.2,0.639,1.6,4.9,0.331,2.6,3.6,0.708,7.1,1.6,0.7,0.6,1.2,1.4,17.9
453,Jerian Grant,7.02,2015,1408.0,0.5920000000000001,0.536,0.37,0.511,0.218,38,5.8,12.1,0.478,4.4,7.6,0.5720000000000001,1.4,4.5,0.316,4.8,6.2,0.78,3.3,7.2,1.8,0.5,2.3,2.1,17.8
454,Delon Wright,7.42,2015,1165.0,0.619,0.5489999999999999,0.225,0.565,0.289,35,5.7,11.1,0.509,4.8,8.6,0.5539999999999999,0.9,2.5,0.35600000000000004,5.3,6.3,0.836,5.9,6.1,2.5,1.2,2.3,1.7,17.5
455,Justin Anderson,7.81,2015,724.0,0.61,0.5720000000000001,0.47100000000000003,0.371,0.24100000000000002,26,5.7,12.2,0.466,3.1,6.5,0.479,2.6,5.7,0.452,3.5,4.5,0.78,5.8,2.5,0.9,0.8,1.7,1.7,17.5
456,Bobby Portis,6.79,2015,1076.0,0.5820000000000001,0.552,0.064,0.335,0.22699999999999998,36,9.3,17.3,0.536,8.8,16.2,0.541,0.5,1.1,0.467,4.3,5.8,0.737,11.9,1.6,1.4,1.9,2.1,2.9,23.4
457,Rondae Hollis-Jefferson,7.41,2015,1090.0,0.573,0.513,0.105,0.745,0.218,38,5.1,10.1,0.502,4.8,9.0,0.537,0.2,1.1,0.207,5.3,7.5,0.7070000000000001,9.5,2.2,1.6,1.2,2.2,3.4,15.7
458,Tyus Jones,9.87,2015,1322.0,0.575,0.489,0.38299999999999995,0.5,0.196,39,4.1,9.8,0.41700000000000004,2.7,6.1,0.44,1.4,3.8,0.379,4.4,4.9,0.889,4.1,6.6,1.8,0.1,2.3,1.4,13.9
459,Jarell Martin,5.63,2015,1159.0,0.565,0.526,0.131,0.511,0.174,33,7.0,13.7,0.509,6.5,11.9,0.545,0.5,1.8,0.26899999999999996,4.8,7.0,0.69,10.5,2.0,1.3,0.8,3.2,3.2,19.3
460,Larry Nance Jr.,-0.04,2015,1082.0,0.581,0.5329999999999999,0.11699999999999999,0.40299999999999997,0.19899999999999998,31,6.8,13.3,0.514,6.3,11.8,0.5379999999999999,0.5,1.6,0.33299999999999996,4.2,5.4,0.7859999999999999,8.3,2.8,1.4,1.4,2.6,2.6,18.4
461,R.J. Hunter,-2.03,2015,1294.0,0.552,0.473,0.51,0.447,0.215,35,6.3,15.9,0.395,3.8,7.8,0.488,2.5,8.1,0.305,6.2,7.1,0.878,5.1,3.9,2.3,1.1,2.4,2.6,21.3
462,Chris McCullough,7.68,2015,450.0,0.508,0.48200000000000004,0.009000000000000001,0.628,0.126,16,4.8,10.0,0.478,4.7,10.0,0.473,0.1,0.1,1.0,3.6,6.3,0.563,9.8,1.6,2.4,2.9,3.1,3.6,13.2
463,Kevon Looney,8.27,2015,1113.0,0.532,0.505,0.165,0.45799999999999996,0.172,36,5.4,11.5,0.47,4.6,9.6,0.48100000000000004,0.8,1.9,0.415,3.3,5.3,0.626,11.9,1.8,1.7,1.2,1.6,3.7,15.0
464,Brandon Ingram,10.59,2016,1246.0,0.552,0.525,0.40299999999999997,0.35100000000000003,0.157,36,6.9,15.5,0.442,4.3,9.3,0.46399999999999997,2.6,6.3,0.41,3.7,5.5,0.682,7.8,2.3,1.3,1.6,2.3,2.4,20.0
465,Jaylen Brown,7.87,2016,939.0,0.518,0.47100000000000003,0.27,0.574,0.11699999999999999,34,6.9,16.1,0.431,5.7,11.8,0.48200000000000004,1.3,4.3,0.294,6.0,9.2,0.654,7.8,2.9,1.2,0.9,4.5,4.6,21.2
466,Kris Dunn,8.46,2016,1088.0,0.541,0.499,0.275,0.462,0.166,33,6.8,15.1,0.44799999999999995,5.2,11.0,0.47700000000000004,1.5,4.2,0.37200000000000005,4.9,7.0,0.695,6.5,7.6,3.0,0.7,4.3,3.4,19.9
467,Buddy Hield,11.14,2016,1309.0,0.665,0.623,0.536,0.33299999999999996,0.23199999999999998,37,9.2,18.4,0.501,4.7,8.5,0.552,4.5,9.8,0.457,5.4,6.1,0.88,6.5,2.3,1.3,0.6,3.5,2.3,28.3
468,Jamal Murray,8.84,2016,1267.0,0.59,0.5589999999999999,0.515,0.28300000000000003,0.19399999999999998,36,7.7,17.0,0.45399999999999996,4.1,8.2,0.502,3.6,8.7,0.408,3.8,4.8,0.7829999999999999,5.9,2.5,1.1,0.3,2.7,2.4,22.7
469,Marquese Chriss,8.12,2016,848.0,0.585,0.561,0.17800000000000002,0.382,0.14800000000000002,34,8.4,15.9,0.53,7.5,13.1,0.568,1.0,2.8,0.35,4.2,6.1,0.682,8.6,1.2,1.5,2.6,3.3,6.5,22.0
471,Domantas Sabonis,4.23,2016,1149.0,0.654,0.618,0.036000000000000004,0.499,0.26,36,8.3,13.6,0.611,8.1,13.1,0.621,0.2,0.5,0.35700000000000004,5.2,6.8,0.769,14.8,2.2,0.8,1.1,3.2,4.0,22.0
472,Taurean Prince,9.76,2016,1040.0,0.537,0.493,0.33899999999999997,0.337,0.14800000000000002,34,7.2,16.7,0.43200000000000005,5.2,11.0,0.469,2.0,5.7,0.361,4.3,5.6,0.774,7.9,3.0,1.7,1.0,3.5,3.3,20.8
473,Denzel Valentine,6.94,2016,1022.0,0.608,0.579,0.527,0.214,0.284,31,8.0,17.4,0.462,4.0,8.2,0.48100000000000004,4.1,9.2,0.444,3.2,3.7,0.853,9.1,9.4,1.3,0.3,3.3,2.0,23.3
474,Wade Baldwin,8.68,2016,1002.0,0.5710000000000001,0.49200000000000005,0.32,0.614,0.179,33,5.4,12.6,0.42700000000000005,3.8,8.6,0.43700000000000006,1.6,4.0,0.406,6.2,7.7,0.799,5.3,6.9,1.6,0.4,3.6,3.4,18.6
475,Henry Ellenson,5.57,2016,1107.0,0.534,0.48,0.239,0.439,0.14300000000000002,33,7.0,15.7,0.446,5.9,12.0,0.495,1.1,3.8,0.28800000000000003,5.2,6.9,0.7490000000000001,11.6,2.1,1.0,1.8,2.8,3.0,20.3
476,Malik Beasley,8.16,2016,1014.0,0.583,0.541,0.361,0.326,0.158,34,7.3,15.5,0.47100000000000003,5.1,9.9,0.518,2.2,5.6,0.387,4.1,5.0,0.813,7.1,2.0,1.3,0.2,2.3,3.0,20.9
477,Caris LeVert,7.92,2016,464.0,0.636,0.596,0.401,0.42,0.243,15,7.1,14.0,0.506,4.6,8.4,0.546,2.5,5.6,0.446,4.7,5.9,0.794,6.9,6.4,1.3,0.3,2.2,1.6,21.3
478,DeAndre Bembry,4.93,2016,1341.0,0.539,0.513,0.258,0.358,0.174,36,7.1,14.8,0.479,6.1,11.0,0.5529999999999999,1.0,3.8,0.266,3.5,5.3,0.657,8.3,4.8,1.5,0.9,2.2,2.6,18.7
479,Malachi Richardson,9.75,2016,1272.0,0.51,0.465,0.544,0.381,0.10400000000000001,37,4.8,13.0,0.369,2.3,5.9,0.38799999999999996,2.5,7.0,0.353,3.6,4.9,0.72,5.0,2.4,1.3,0.3,2.5,2.9,15.6
481,Pascal Siakam,-3.54,2016,1176.0,0.569,0.542,0.028999999999999998,0.396,0.265,34,9.4,17.3,0.539,9.3,16.8,0.5489999999999999,0.1,0.5,0.2,4.7,6.9,0.6779999999999999,13.4,2.0,1.2,2.6,2.3,3.1,23.5
482,Skal Labissiere,8.84,2016,567.0,0.54,0.516,0.011000000000000001,0.326,0.142,36,6.9,13.4,0.516,6.9,13.3,0.521,0.0,0.1,0.0,2.9,4.4,0.6609999999999999,8.0,0.8,0.6,4.2,2.3,7.6,16.7
483,Dejounte Murray,8.12,2016,1139.0,0.485,0.451,0.243,0.342,0.098,34,7.1,17.1,0.41600000000000004,5.9,12.9,0.457,1.2,4.1,0.28800000000000003,3.9,5.8,0.6629999999999999,7.1,5.3,2.2,0.4,3.9,3.2,19.2
484,Damian Jones,8.68,2016,866.0,0.584,0.59,0.01,0.5379999999999999,0.175,33,8.5,14.4,0.59,8.5,14.3,0.595,0.0,0.1,0.0,4.2,7.8,0.536,10.5,1.8,0.4,2.5,3.0,5.0,21.2
